product_id,product_name
103126,Verlobungsring Ebba
103324,Verlobungsring Zanyria
105081,Herren trauring Noble Shape 4 mm
110413,Herren-Anhänger Jaxton
90474,Trauring Celtic Way
110497,Verlobungsring Denisa
92485,Damen halskette Elsie
90474,Trauring Celtic Way
93305,Classic Search 7mm
92389,Engagement Ring Aldea
92485,Women's Necklace Elsie
104183,GLAMIRA Ring Massima
102108,Kinderarmband Falcila
109427,Verlobungsring Casonia
92485,Damen halskette Elsie
97916,Damen halskette Sipura
99386,Women's Wedding Ring Infinite Sweet 5 mm
103324,Verlobungsring Zanyria
93577,Men's Ring Classic Search 7mm
102065,Women's Necklace Lamyra
104038,Women's Earring Hanellie
104038,Women's Earring Hanellie
92485,Damen halskette Elsie
103324,Verlobungsring Zanyria
110497,Verlobungsring Denisa
100034,Dames Hanger Elise
90908,Engagement Ring Bridal Heaven 0.5crt
92485,Damen halskette Elsie
92381,Verlobungsring Sydney 0.8 crt
91040,Verlovingsring Joy 0.5crt
104038,Women's Earring Hanellie
105077,Damenring Noble Shape 8 mm
92481,Dames Hanger Clarimond
92389,Engagement Ring Aldea
98087,Vjenčani prsten White Innocence 5 mm
97916,Damen halskette Sipura
103508,GLAMIRA Ring Vontasia
103126,Bague de fiançailles Ebba
96439,Engagement Ring Eglontina
97870,GLAMIRA Ring Marileno
98080,Bague de Mariage White Innocence 4 mm
90945,Forlovelsesring Céline 0.8 crt
96616,Engagement Ring Cannoli
92443,Women's Earring Peyton
97845,Verlovingsring Alonnisos
92790,Trauring Classic Choice 3 mm
98080,Bague de Mariage White Innocence 4 mm
96459,Engagement Ring Cadence
90970,Engagement Ring Ellie 0.16 crt
98411,GLAMIRA Ring Aello
95560,GLAMIRA Anillo Verde
95560,GLAMIRA Prsten Verde
80412,Anillo de boda Bright Honey
92790,Wedding Ring Classic Choice 3 mm
109581,Engagement Ring Sivania
108765,Inel de Logodnă Bayamine 1.0 crt
98087,Vjenčani prsten White Innocence 5 mm
103508,Glamira Prsten Vontasia
96627,GLAMIRA Anillo Elsa
110647,Zásnubný prsteň Titina 3.0 crt
84831,Engagement Ring Allison
90736,Engagement Ring Gratia
92184,Zásnubný prsteň Daffney
98375,Дамска гривна Chomac
92363,Glamira Anillo Monalisa
109879,Anello di fidanzamento Kabena 0.5 crt
105075,Damen trauring Noble Shape 6 mm
92983,Ringe til kvinder Classic Legend 2mm
103058,Women's Anklet Yaricelly
110387,Wisiorek Męski Balfour
108974,Ehering Magic Beauty 8 mm
98154,Wedding Ring Unique Promise 4 mm
97845,Engagement Ring Alonnisos
111200,Trauring Confident Connection 6 mm
111200,Trauring Confident Connection 6 mm
102817,Pendentif pour femme Leyonna Ø6 mm
84786,GLAMIRA Gyűrű Olivia
90203,Glamira Initials Anillo J
90736,Zaručnički prsten Gratia
102717,Cercei Dama Kinnadie
98833,Inel de Nuntă Bright Morning 5 mm
98671,Wedding Ring Pure Love 4 mm
92389,Engagement Ring Aldea
90736,Zaručnički prsten Gratia
93297,Classic Search 3mm
86703,Anello di fidanzamento Bridal Heart
104038,Women's Earring Hanellie
98234,Obrączka ślubna Unique Joy 5 mm
92184,Zásnubný prsteň Daffney
92307,Anello di fidanzamento Effie
80412,Anillo de boda Bright Honey
101325,Anello da uomo Blades
99384,Damenring Infinite Sweet 3 mm
93297,Classic Search 3mm
103338,Verlobungsring Nakomis
108974,Ehering Magic Beauty 8 mm
111200,Trauring Confident Connection 6 mm
92394,GLAMIRA Ring Emmy
110041,Damen halskette Dalene
89607,Herrenring Ramses
90945,Forlovelsesring Céline 0.8 crt
92183,Engagement Ring Daffney 0.16 crt
92790,Bague de Mariage Classic Choice 3 mm
84874,Anillo de compromiso Estelle
95560,GLAMIRA Ringer Verde
95560,GLAMIRA Prsten Verde
90971,Engagement Ring Ellie 0.5 crt
99417,Kvindes vielsesring Sense Muse 4 mm
111200,Trauring Confident Connection 6 mm
97845,Anello di fidanzamento Alonnisos
110507,Colgante de Mujer Eider
84831,Engagement Ring Allison
103491,Anello di fidanzamento Melisent
103337,Verlobungsring Naola
96936,Exotic Cross 8mm
96459,Eljegyzési gyűrű Cadence
90438,Wedding Ring Celtic Claddagh
90736,Engagement Ring Gratia
103338,Verlobungsring Nakomis
103477,GLAMIRA Ring Jesimar
85797,Boucle d'oreille femme Melissa
102817,Pendentif pour femme Leyonna Ø6 mm
110628,Engagement Ring Cindy 1.0 crt
103058,Women's Anklet Yaricelly
96627,GLAMIRA Inel Elsa
98671,Wedding Ring Pure Love 4 mm
103337,Verlobungsring Naola
103503,Glamira Gyűrű Sophronia
99421,Ringe til kvinder Sense Muse 10 mm
105075,Damen trauring Noble Shape 6 mm
99316,結婚戒指 Sense Muse 4 mm
99485,Herrenring Infinite Sweet 3 mm
90186,Glamira Initials Anhänger J
92992,Classic Legend 2mm
92292,Engagement Ring Brianna 0.1 crt
96627,GLAMIRA Inel Elsa
99316,Trauring Sense Muse 4 mm
95560,GLAMIRA Ring Verde
98759,Men's Wedding Ring Shining Moon 4 mm
97845,Engagement Ring Alonnisos
103508,Glamira Prsten Vontasia
98074,Dames Oorbellen Ilaria
109572,Engagement Ring Nichele
110649,GLAMIRA Bague Noelia
89526,Kvinnens ørering Nicky
105376,Ehering Pure Charm 4 mm
80315,Wedding Ring Smart Queen
110628,Engagement Ring Cindy 1.0 crt
108963,Essential Dream 10 mm
103503,Glamira Gyűrű Sophronia
110564,Engagement Ring Ellie 1.0 crt
86703,Anello di fidanzamento Bridal Heart
110559,Engagement Ring Berdina 0.5 crt
89607,Herrenring Ramses
98080,Bague de Mariage White Innocence 4 mm
84792,Anello da uomo Hercules
84843,Engagement Ring Ashley
96592,Női gyűrű Simone
102065,Dames Hanger Lamyra
96688,Glamira Inel Zivot
90393,Zásnubní prsten Fausta
104031,Bague pour homme Liviu
98370,Dama Brățară Alama
99784,Dames Armband Inari
110562,Engagement Ring Bona 3.0 crt
92291,Anillo de compromiso Brianna
97868,Zásnubní prsten Marinella
110524,Anel de Noivado Lea
102065,Dames Hanger Lamyra
90736,Anello di fidanzamento Gratia
80272,Anillo de boda Brilliant Sunset
80272,Anillo de boda Brilliant Sunset
92389,Engagement Ring Aldea
99991,Anel de Noivado Mabule
101334,Anello da uomo Telvis
90736,Anello di fidanzamento Gratia
110020,GLAMIRA Ring Orina
98246,Zásnubný prsteň Titina
93576,Men's Wedding Ring Classic Search
92275,Forlovelsesring Amay 0.2 crt
91250,Steely Dream
100314,Women's Wedding Ring Happiness Drops 5 mm
101778,Couple's Promise Ring Magnetic Style
97833,Verlovingsring Skopleos
110008,GLAMIRA Anello Britta
96532,Női karikagyűrű Bright Nature 2 mm
97833,Verlovingsring Skopleos
110218,Pulsera de Mujer Aide
102504,GLAMIRA Prsten Tamriel
95536,Forlovelsesring Nettle
92735,Kvindes ring Classic Expression 2.5 mm
99993,Engagement Ring Mangabel
102504,GLAMIRA Prsten Tamriel
97833,Verlovingsring Skopleos
98080,Fede nuziale White Innocence 4 mm
98691,Wedding Ring Heavenly Blaze 4 mm
91000,Anello di fidanzamento Leona 0.16 crt
91040,Verlovingsring Joy 0.5crt
101769,Couple's Promise Ring Eternal Luxury
110020,GLAMIRA Ring Orina
95560,GLAMIRA Ring Verde
101101,Пръстен за двойка Golden Heart 4 mm
91040,Verlovingsring Joy 0.5crt
109829,Damen halskette Jabril
92275,Forlovelsesring Amay 0.2 crt
96459,Engagement Ring Cadence
101778,Couple's Promise Ring Magnetic Style
103352,Glamira Anillo Maharlika
98411,GLAMIRA Ring Aello
93305,Classic Search 7mm
91896,Women's Pendant Elbertina Ø10 mm
102504,GLAMIRA Prsten Tamriel
108727,Pendentif pour femme Hadria
110008,GLAMIRA Anello Britta
91250,Steely Dream
110218,Pulsera de Mujer Aide
98671,Wedding Ring Pure Love 4 mm
102504,GLAMIRA Prsten Tamriel
101763,Couple's Promise Ring Silver Sky
90438,Wedding Ring Celtic Claddagh
89425,Bague de fiançailles Natalie
102717,Cercei Dama Kinnadie
91000,Anello di fidanzamento Leona 0.16 crt
92983,Ringe til kvinder Classic Legend 2mm
95572,Alluring Star 3 mm
101751,Couple's Promise Ring Eternal Love
80263,Bague de Mariage Brilliant Dawn
92327,Anello di fidanzamento Jemma 1.0 crt
110041,Damen halskette Dalene
97870,GLAMIRA Ring Marileno
101925,GLAMIRA Bague Despoina
92275,Forlovelsesring Amay 0.2 crt
90940,Verlobungsring Bridal Rise 0.5crt
103508,Glamira Prsten Vontasia
96459,Eljegyzési gyűrű Cadence
90940,Anillo de compromiso Bridal Rise 0.5crt
90717,Glamira Gyűrű Venice
90940,Verlobungsring Bridal Rise 0.5crt
102065,Women's Necklace Lamyra
92796,Fede nuziale Classic Choice 4 mm
101323,Anello da uomo Baynard
85809,Damen anhänger Maria
110605,Bague de fiançailles Gertha
103332,Zaručnički prsten Sarolta
98267,Women's Ring Linderoth
90940,Verlobungsring Bridal Rise 0.5crt
80263,Bague de Mariage Brilliant Dawn
91077,Zásnubný prsteň Belva 0.16 crt
86911,Engagement Ring Ellie
90759,Anello di fidanzamento Neveda
92372,Pierścionek zaręczynowy Sadie 1.0 crt
98267,Women's Ring Linderoth
92394,GLAMIRA Ring Emmy
101323,Anello da uomo Baynard
89433,Engagement Ring Nicole
89599,Men's Ring Heroic
90736,Engagement Ring Gratia
109555,Boucle d'oreille femme Gulfiya
92690,Classic Fame 2.5 mm
109718,Damen ohrring Glenn
98759,Men's Wedding Ring Shining Moon 4 mm
103332,Zaručnički prsten Sarolta
101751,Koppels Belofte Ring Eternal Love
98267,Women's Ring Linderoth
93084,Classic Inspiration 3mm
97845,Engagement Ring Alonnisos
92225,Verlobungsring Tibelda
91018,Engagement Ring Katherina 0.5crt
89526,Kvinnens ørering Nicky
90744,Anello di fidanzamento Belva
90940,Engagement Ring Bridal Rise 0.5crt
101811,Paar versprechensring Silver Line
89593,Anello da uomo Final Round
101119,Sensual  Line 8 mm
95536,Engagement Ring Nettle
96672,Годежен пръстен Torrone
102094,Bratari copii Etolia
99638,Trauring Mystic Winter
89526,Kvinnens ørering Nicky
109568,Verlobungsringe Minivera
96103,Women's Wedding Ring Alluring Breath 4 mm
98785,Herren trauring Pure Love 4 mm
98976,Women's Wedding Ring Alluring Effect 4 mm
85809,Collier pour femme Maria
90735,Engagement Ring Helios
93579,Herrenring Classic Search 9mm
90940,Engagement Ring Bridal Rise 0.5crt
103324,Verlobungsring Zanyria
95474,Anello da uomo Silverio
89526,Kvinnens ørering Nicky
103324,Verlobungsring Zanyria
102509,Eljegyzési gyűrű Oiffe
109914,Pendentif pour femme Sayda
103472,Glamira Anello Eilah
89431,Verlovingsring Tina
99522,Ringe til mænd Sense Muse 10 mm
98338,Glamira Anel Annarasa
101362,Bague pour homme Trebian
102568,Verlobungsring Aniyalise
95225,Engagement Ring Ellie 2.0 crt
101102,Fede nuziale Golden Heart 5 mm
99044,Bague de Mariage Attractive Sky 4 mm
90763,Bridal Set Blooming
92485,Damen halskette Elsie
90735,Engagement Ring Helios
86704,Engagement Ring Bridal Heaven
101346,Mies sormus Undrais
90439,Men's Ring Celtic Claddagh
89607,Mannens ring Ramses
90735,Engagement Ring Helios
101346,Mies sormus Undrais
92485,Damen halskette Elsie
89610,Anello da uomo Sporty
92394,GLAMIRA Ring Emmy
95536,Engagement Ring Nettle
103352,Glamira Ring Maharlika
92278,Pierścionek zaręczynowy Anni
90269,Zásnubný prsteň Katherina
90439,Men's Ring Celtic Claddagh
92504,Ciondolo da donna Olga
85809,Collier pour femme Maria
105558,Mannens giftering Shimmering Road 5 mm
80273,Inel de Nuntă Brilliant Twinkle
90940,Engagement Ring Bridal Rise 0.5crt
90763,Bridal Set Blooming
103508,Glamira Anello Vontasia
98267,Women's Ring Linderoth
101119,Sensual  Line 8 mm
90419,Ciondolo da donna Despina
96672,Годежен пръстен Torrone
97813,GLAMIRA Ring Alula
90940,Engagement Ring Bridal Rise 0.5crt
91035,Zásnubný prsteň Joy 0.07crt
101362,Bague pour homme Trebian
100034,Dames Hanger Elise
92790,Ehering Classic Choice 3 mm
97112,Trauring White Drop
89610,Anello da uomo Sporty
89599,Men's Ring Heroic
110563,Engagement Ring Bridal Passion 1.0 crt
92485,Damen halskette Elsie
97816,Engagement Ring Kabena
97845,Engagement Ring Alonnisos
89431,Verlovingsring Tina
89464,GLAMIRA Prsten Rachel
92485,Damen halskette Elsie
101102,Fede nuziale Golden Heart 5 mm
90784,Bridal Set Gemmiferous
110645,Engagement Ring Titina 1.0 crt
89599,Anello da uomo Heroic
89431,Verlovingsring Tina
97813,GLAMIRA Ring Alula
101102,Fede nuziale Golden Heart 5 mm
98363,Engagement Ring Galilea
95536,Engagement Ring Nettle
97845,Verlovingsring Alonnisos
90940,Verlobungsring Bridal Rise 0.5crt
95536,Engagement Ring Nettle
89599,Anello da uomo Heroic
100359,Women's Wedding Ring Wondrous Embroidery 5 mm
103352,Glamira Prsten Maharlika
90419,Colgante de Mujer Despina
97816,Engagement Ring Kabena
99242,Infinite Beauty 3 mm
89431,Verlovingsring Tina
89607,Mannens ring Ramses
105070,Damen trauring Noble Shape 4 mm
90736,Anillo de compromiso Gratia
84843,Engagement Ring Ashley
98267,Anello da donna Linderoth
91086,Engagement Ring Clariss 0.16 crt
96936,Exotic Cross 8mm
99283,Infinite Sweet 3 mm
101802,Anello promessa coppia Silver & Diamonds Sun
90717,Glamira Gyűrű Venice
102509,Eljegyzési gyűrű Oiffe
95474,Anello da uomo Silverio
95474,Anello da uomo Silverio
92796,Fede nuziale Classic Choice 4 mm
103162,Verlobungsring Mayetta
92790,Bague de Mariage Classic Choice 3 mm
102509,Eljegyzési gyűrű Oiffe
110646,Zásnubný prsteň Titina 2.0 crt
95771,Women's ring Heavenly Dream 3mm
105066,Damenring Noble Shape 3 mm
96674,Anello di fidanzamento Vesa
102509,Eljegyzési gyűrű Oiffe
103324,Pierścionek zaręczynowy Zanyria
99417,Kvindes vielsesring Sense Muse 4 mm
89571,Damen halskette Kinsey
97845,Anello di fidanzamento Alonnisos
108769,Dames Ring Dorotea 0.5 crt
92080,Damen anhänger Queen
92080,Damen anhänger Queen
90742,Glamira Anillo Gaby
102509,Eljegyzési gyűrű Oiffe
105898,Trauring Universe Adore 5 mm
102509,Eljegyzési gyűrű Oiffe
103508,Glamira Prsten Vontasia
97825,Anello di fidanzamento Alabate
89526,Kvinnens ørering Nicky
89433,Engagement Ring Nicole
91013,Sužadėtuvių žiedas Hayley 2.15crt
85797,Boucle d'oreille femme Melissa
92372,Pierścionek zaręczynowy Sadie 1.0 crt
89433,Engagement Ring Nicole
95560,GLAMIRA Ringer Verde
92307,Anello di fidanzamento Effie
91077,Zásnubný prsteň Belva 0.16 crt
89566,Damen halskette Pansy
91013,Sužadėtuvių žiedas Hayley 2.15crt
89433,Engagement Ring Nicole
109568,Verlobungsringe Minivera
99421,Ringe til kvinder Sense Muse 10 mm
108770,Verlobungsring Dorotea 1.0 crt
103508,Glamira Prsten Vontasia
95771,Women's ring Heavenly Dream 3mm
97112,Trauring White Drop
103472,Glamira Anello Eilah
84831,Verlobungsring Allison
90940,Engagement Ring Bridal Rise 0.5crt
89433,Engagement Ring Nicole
105066,Damenring Noble Shape 3 mm
95474,Anello da uomo Silverio
89526,Kvinnens ørering Nicky
105066,Damenring Noble Shape 3 mm
90736,Engagement Ring Gratia
95830,Inel de Nuntă Charming Fate
89593,Anello da uomo Final Round
103508,Glamira Prsten Vontasia
90940,Engagement Ring Bridal Rise 0.5crt
93084,Classic Inspiration 3mm
92485,Women's Necklace Elsie
92080,Damen anhänger Queen
90744,Anello di fidanzamento Belva
90941,Forlovelsesring Bridal Rise 1.0crt
95771,Women's ring Heavenly Dream 3mm
98267,Women's Ring Linderoth
102509,Verlobungsring Oiffe
89433,Engagement Ring Nicole
91077,Zásnubný prsteň Belva 0.16 crt
95560,GLAMIRA Ring Verde
97916,Damen halskette Sipura
92485,Damen halskette Elsie
89526,Kvinnens ørering Nicky
96103,Women's Wedding Ring Alluring Breath 4 mm
90940,Engagement Ring Bridal Rise 0.5crt
89571,Damen halskette Kinsey
110646,Anel de Noivado Titina 2.0 crt
91153,Glamira Cross Anhänger Levite
109572,Engagement Ring Nichele
103508,GLAMIRA Ring Vontasia
92296,Verlobungsring Brianna 0.25 crt
103508,Glamira Anello Vontasia
91077,Zásnubný prsteň Belva 0.16 crt
109555,Boucle d'oreille femme Gulfiya
98267,Women's Ring Linderoth
109829,Damen halskette Jabril
89607,Herrenring Ramses
89445,GLAMIRA Gyűrű Geraldine
96103,Women's Wedding Ring Alluring Breath 4 mm
92327,Verlobungsring Jemma 1.0 crt
98834,Inel de Nuntă Bright Morning 6 mm
107901,Nhẫn cưới Endless Love 5 mm
101811,Paar versprechensring Silver Line
90419,Ciondolo da donna Despina
95771,Women's ring Heavenly Dream 3mm
92311,Verlobungsring Effie 0.16 crt
109914,Pendentif pour femme Sayda
89433,Engagement Ring Nicole
98338,Glamira Anel Annarasa
98267,Women's Ring Linderoth
90738,Zásnubní prsten Gorion
90811,Braut-Set Swanky
92394,GLAMIRA Ring Emmy
95536,Engagement Ring Nettle
90940,Engagement Ring Bridal Rise 0.5crt
90738,Zásnubní prsten Gorion
90269,Zásnubný prsteň Katherina
105077,Damenring Noble Shape 8 mm
98267,Women's Ring Linderoth
92225,Verlobungsring Tibelda
90596,Fede nuziale uomo Pretty Secret
89464,GLAMIRA Prsten Rachel
100119,Дамска обица Tenvir
92504,Ciondolo da donna Olga
98670,結婚戒指 Pure Love 3 mm
93297,Classic Search 3mm
97112,Trauring White Drop
99522,Ringe til mænd Sense Muse 10 mm
101346,Men's Ring Undrais
105075,Damen trauring Noble Shape 6 mm
99044,Bague de Mariage Attractive Sky 4 mm
92790,Ehering Classic Choice 3 mm
104413,Mannens ring Denis
99316,Ehering Sense Muse 4 mm
90940,Verlobungsring Bridal Rise 0.5crt
98338,Glamira Anel Annarasa
92485,Damen halskette Elsie
89607,Mannens ring Ramses
97112,Trauring White Drop
90834,Engagement Ring Alina 0.16 crt
89599,Anello da uomo Heroic
102509,Eljegyzési gyűrű Oiffe
91042,Zásnubný prsteň Joy 1.0crt
90561,Anillo de boda Immortal Wish
89602,Herrenring No Rush
110565,Engagement Ring Galilea 0.5 crt
89593,Anello da uomo Final Round
89464,GLAMIRA Prsten Rachel
90784,Bridal Set Gemmiferous
101346,Mies sormus Undrais
92443,Orecchino da donna Peyton
90933,Engagement Ring Bridal Passion 0.5 crt
110563,Engagement Ring Bridal Passion 1.0 crt
89599,Anello da uomo Heroic
98784,
89599,Anello da uomo Heroic
90736,Verlobungsring Gratia
89593,Anello da uomo Final Round
90834,Engagement Ring Alina 0.16 crt
103162,Verlobungsring Mayetta
99567,Men's Earring Yorath
89431,Verlovingsring Tina
100119,Дамска обица Tenvir
101346,Men's Ring Undrais
89593,Anello da uomo Final Round
91035,Zásnubný prsteň Joy 0.07crt
104577,Muške minđuše Donatien
91028,Verlobungsring Jade 0.5crt
89599,Anello da uomo Heroic
101346,Mies sormus Undrais
92397,Verlobungsring Fleta
103126,Bague de fiançailles Ebba
92075,Damen anhänger Vinny Ø6 mm
90881,Eljegyzési gyűrű Bridal Dream 0.16crt
110645,Engagement Ring Titina 1.0 crt
103324,Engagement Ring Zanyria
90736,Engagement Ring Gratia
110636,Anel de Noivado Neveda 1.6 crt
89599,Anello da uomo Heroic
90528,Vestuvinis žiedas Immortal Luck
90773,GLAMIRA Bridal Set Crinkly Ring B
110497,Pierścionek zaręczynowy Denisa
92225,Verlobungsring Tibelda
104413,Mannens ring Denis
99316,Vestuvinis žiedas Sense Muse 4 mm
97371,
92075,Damen anhänger Vinny Ø6 mm
99549,Men's Earring Botulf
103324,Engagement Ring Zanyria
92080,Damen anhänger Queen
103538,Engagement Ring Staska
99549,Men's Earring Botulf
89599,Anello da uomo Heroic
104413,Mannens ring Denis
84831,Verlobungsring Allison
103352,Glamira Prsten Maharlika
93297,Classic Search 3mm
104496,Damen anhänger Keshondra
85673,Inel de Nuntă Unique Elegance
90933,Engagement Ring Bridal Passion 0.5 crt
92075,Damen anhänger Vinny Ø6 mm
104413,Mannens ring Denis
90736,Verlovingsring Gratia
110979,Wedding Ring Confident Gift 5 mm
109494,Damen anhänger Lisa
90561,Anillo de boda Immortal Wish
103324,Engagement Ring Zanyria
99316,Ehering Sense Muse 4 mm
89593,Anello da uomo Final Round
104413,Mannens ring Denis
100059,Boucle d'oreille femme Akmar
101994,GLAMIRA Ring Jenita
90937,Anello di fidanzamento Bridal Rise 0.1crt
102773,GLAMIRA Pendant Keviona Ø6 mm
98401,Bracelet pour femme Peratra
91042,Zásnubný prsteň Joy 1.0crt
91046,Engagement Ring Abella 0.16 crt
104413,Mannens ring Denis
105418,Trauring Romantic Trust 4 mm
99242,Infinite Beauty 3 mm
90474,Fede nuziale Celtic Way
92485,Damen halskette Elsie
86707,Engagement Ring Bridal Passion
98644,Shining Moon 3 mm
97753,GLAMIRA Prívesok Crina
92173,Forlovelsesring Almira 1.0 crt
97112,Trauring White Drop
90773,GLAMIRA Bridal Set Crinkly Ring B
89593,Anello da uomo Final Round
89593,Anello da uomo Final Round
103324,Engagement Ring Zanyria
92080,Damen anhänger Queen
110987,Women's Wedding Ring Confident Gift 5 mm
104413,Mannens ring Denis
99549,Men's Earring Botulf
101342,
90528,Vestuvinis žiedas Immortal Luck
103538,Engagement Ring Staska
90940,Verlobungsring Bridal Rise 0.5crt
104413,Mannens ring Denis
99886,Ciondolo da donna Lizandra
90881,Eljegyzési gyűrű Bridal Dream 0.16crt
97112,Trauring White Drop
99567,Men's Earring Yorath
90736,Bague de fiançailles Gratia
97850,Engagement Ring Salamis
105545,Mannens ring Mystic Swirl 10 mm
96672,Годежен пръстен Torrone
91997,GLAMIRA Pendant Paiva
89593,Anello da uomo Final Round
99970,Engagement Ring Aprila
89599,Anello da uomo Heroic
104413,Mannens ring Denis
100059,Boucle d'oreille femme Akmar
92080,Damen anhänger Queen
99549,Мъжки обеци Botulf
89593,Anello da uomo Final Round
99558,Pendiente para hombre Kmetov
101327,Herrenring Brainard
90940,Verlobungsringe Bridal Rise 0.5crt
104413,Mannens ring Denis
106774,Fede nuziale Immortal Chic 4 mm
99821,Boucle d'oreille femme Benian
90940,Verlobungsring Bridal Rise 0.5crt
99549,Men's Earring Botulf
90931,Engagement Ring Bridal Passion 0.25 crt
101346,Mies sormus Undrais
105048,Noble Shape 3 mm
99558,Pendiente para hombre Kmetov
99549,Men's Earring Botulf
103324,Engagement Ring Zanyria
85082,
92173,Forlovelsesring Almira 1.0 crt
92760,Wedding Ring Classic Step 4mm
105898,Trauring Universe Adore 5 mm
109494,Damen anhänger Lisa
102773,GLAMIRA Pendant Keviona Ø6 mm
90419,Colgante de Mujer Despina
99821,Boucle d'oreille femme Benian
92313,Zásnubní prsten Fonda 0.5 crt
91028,Verlobungsring Jade 0.5crt
86707,Engagement Ring Bridal Passion
95560,GLAMIRA Ringer Verde
98267,Anello da donna Linderoth
85082,
101154,Women's Wedding Ring Fever Life 4 mm
99558,Pendiente para hombre Kmetov
90474,Fede nuziale Celtic Way
99821,Boucle d'oreille femme Benian
110628,Engagement Ring Cindy 1.0 crt
98401,Bracelet pour femme Peratra
95199,Engagement Ring Amanda 2.0crt
85082,
89607,Mannens ring Ramses
90735,Engagement Ring Helios
99549,Мъжки обеци Botulf
110636,Anel de Noivado Neveda 1.6 crt
97850,Engagement Ring Salamis
106774,Fede nuziale Immortal Chic 4 mm
98414,GLAMIRA Ring Assaroe
101988,GLAMIRA Prsten Lonesha
90814,Glamira Brudset Grande Ring B
102509,Eljegyzési gyűrű Oiffe
99821,Boucle d'oreille femme Benian
96672,Годежен пръстен Torrone
92485,Damen halskette Elsie
103126,Bague de fiançailles Ebba
95199,Engagement Ring Amanda 2.0crt
91997,GLAMIRA Pendant Paiva
99886,Ciondolo da donna Lizandra
90823,Engagement Ring Adira 0.27 crt
101988,GLAMIRA Prsten Lonesha
106774,Fede nuziale Immortal Chic 4 mm
90940,Verlobungsringe Bridal Rise 0.5crt
99549,Мъжки обеци Botulf
106441,Herrering Precious Joy 8 mm
98975,Women's Ring Alluring Effect 3 mm
92485,Damen halskette Elsie
99470,Мъжка Брачна халка Infinite Pass 5 mm
102763,Naise ripats Katelind Ø6 mm
90823,Engagement Ring Adira 0.27 crt
97845,Engagement Ring Alonnisos
99549,Мъжки обеци Botulf
92327,Verlobungsring Jemma 1.0 crt
110546,Damen halskette Zarita
104413,Mannens ring Denis
90931,Engagement Ring Bridal Passion 0.25 crt
103352,Nhẫn GLAMIRA Maharlika
89602,Herrenring No Rush
110566,Engagement Ring Galilea 1.0 crt
99549,Мъжки обеци Botulf
93327,Ehering Classic Meaning 4mm
85809,Colgante de Mujer Maria
101154,Women's Wedding Ring Fever Life 4 mm
99549,Мъжки обеци Botulf
92485,Damen halskette Elsie
90742,Glamira Bague Gaby
104234,Dámský přívěsek Arlenys
93226,Anillo de Mujer Classic Glow 2.5 mm
106095,Paarring Charming View
99470,Мъжка Брачна халка Infinite Pass 5 mm
89593,Anello da uomo Final Round
110252,Dames Armband Carolin
99970,Engagement Ring Aprila
93583,Herren trauring Classic Meaning 4mm
92313,Zásnubní prsten Fonda 0.5 crt
90814,Glamira Brudset Grande Ring B
90940,Verlobungsring Bridal Rise 0.5crt
90823,Engagement Ring Adira 0.27 crt
84801,GLAMIRA Ring Angelina
90940,Verlobungsring Bridal Rise 0.5crt
84791,Forlovelsesring Brielle
90940,Verlobungsring Bridal Rise 0.5crt
98483,GLAMIRA Ring Chairol
96845,Brilliant Impulse 3mm
93327,Ehering Classic Meaning 4mm
98329,Glamira Anillo Giordana
92790,Vestuvinis žiedas Classic Choice 3 mm
103324,Pierścionek zaręczynowy Zanyria
98235,Men's Ring Unique Joy 5 mm
93583,Herren trauring Classic Meaning 4mm
92075,Damen anhänger Vinny Ø6 mm
101346,Mies sormus Undrais
90419,Dames Hanger Despina
98414,GLAMIRA Ring Assaroe
93314,Damen trauring Classic Meaning 4mm
101346,Mies sormus Undrais
91013,Verlobungsring Hayley 2.15crt
90936,Dames Ring Bridal Rise 0.05crt
90937,Eljegyzési gyűrű Bridal Rise 0.1crt
92784,Herrenring Classic Step 2mm
92075,Damen anhänger Vinny Ø6 mm
103888,Glamira Anillo Lamberta
92812,Men's Wedding Ring Classic Choice
99558,Pendiente para hombre Kmetov
109628,Naise ripats Vidadi
109486,Damen anhänger Ingelas
85082,
103508,Glamira Ringe Vontasia
103352,Glamira Anello Maharlika
85809,Colgante de Mujer Maria
80273,Vestuvinis žiedas Brilliant Twinkle
97016,Inel de Nuntă Great Sensational 5mm
100699,Kid's Earring Secilia
91038,Zásnubný prsteň Joy 0.25crt
106095,Paarring Charming View
89526,Kvinnens ørering Nicky
90940,Verlobungsringe Bridal Rise 0.5crt
92397,Eljegyzési gyűrű Fleta
105134,Natural Flower 10 mm
90940,Verlobungsring Bridal Rise 0.5crt
98235,Men's Ring Unique Joy 5 mm
101503,Дамска обица Elgia 12 mm
91013,Verlobungsring Hayley 2.15crt
89526,Kvinnens ørering Nicky
85797,Damen ohrring Melissa
92741,Classic Expression 3 mm
98329,Glamira Anillo Giordana
90738,Zásnubní prsten Gorion
93314,Damen trauring Classic Meaning 4mm
92075,Damen anhänger Vinny Ø6 mm
104183,GLAMIRA Ring Massima
84778,Anello di fidanzamento Grace
89526,Kvinnens ørering Nicky
103508,Glamira Ringe Vontasia
85082,
103352,Nhẫn GLAMIRA Maharlika
104233,Dámský přívěsek Arlecia
93182,Vestuvinis žiedas Classic Day 4 mm
98645,Anillo de boda Shining Moon 4 mm
92793,Herrenring Classic Step 3mm
95536,Anello di fidanzamento Nettle
109531,Dámský přívěsek Yvette
92708,Men's Ring Classic Fame 3 mm
99558,Pendiente para hombre Kmetov
92771,Damenring Classic Step 2mm
90937,Eljegyzési gyűrű Bridal Rise 0.1crt
98644,Shining Moon 3 mm
98670,Vestuvinis žiedas Pure Love 3 mm
109628,Naise ripats Vidadi
90940,Verlobungsringe Bridal Rise 0.5crt
106095,Paarring Charming View
90823,Engagement Ring Adira 0.27 crt
89607,Men's Ring Ramses
91092,
98483,GLAMIRA Ring Chairol
92784,Herrenring Classic Step 2mm
92790,Wedding Ring Classic Choice 3 mm
90940,Verlobungsring Bridal Rise 0.5crt
89526,Kvinnens ørering Nicky
103324,Engagement Ring Zanyria
89526,Kvinnens ørering Nicky
110024,GLAMIRA Bague Timonie
98265,Anel de Noivado Alessia
108525,
101503,Дамска обица Elgia 12 mm
103120,Verlobungsring Aubriel
102299,Damen ohrring Nutpila
92773,Damenring Classic Step 3mm
100034,Dames Hanger Elise
90394,Годежен пръстен Gredel
97930,Dames Trouwring Unique Luxury 5 mm
89526,Kvinnens ørering Nicky
103352,Glamira Anello Maharlika
92397,Eljegyzési gyűrű Fleta
91038,Zásnubný prsteň Joy 0.25crt
90940,Verlobungsring Bridal Rise 0.5crt
90815,Glamira Brudset Grande Ring A
92080,Damen anhänger Queen
89526,Kvinnens ørering Nicky
89486,Engagement Ring Cindy
100034,Dames Hanger Elise
84778,Anello di fidanzamento Grace
89591,Herrenring Ares
101153,Women's Ring Fever Life 3 mm
90815,Glamira Brudset Grande Ring A
91013,Verlobungsring Hayley 2.15crt
110478,Férfi Medál Yann
99942,GLAMIRA Pendant Nelda
95242,Engagement Ring Phillipa 3.0 crt
89451,GLAMIRA Ring Kendra
95536,Anello di fidanzamento Nettle
96544,Wedding Ring Bright Nature 4 mm
90742,GLAMIRA Ring Gaby
99562,Pendiente para hombre Raysko
91092,
103169,Verlobungsring Nichelle
97930,Dames Trouwring Unique Luxury 5 mm
89526,Kvinnens ørering Nicky
102738,Damen anhänger Leyasia Ø8 mm
95242,Engagement Ring Phillipa 3.0 crt
90940,Verlobungsringe Bridal Rise 0.5crt
85797,Damen ohrring Melissa
92171,Forlovelsesring Almira 0.8 crt
95242,Engagement Ring Phillipa 3.0 crt
90272,GLAMIRA Ring Edrie
105083,Vestuvinis žiedas Mysterious Touch 5 mm
90940,Verlobungsringe Bridal Rise 0.5crt
95242,Engagement Ring Phillipa 3.0 crt
90937,Verlobungsring Bridal Rise 0.1crt
98265,Anel de Noivado Alessia
95242,Engagement Ring Phillipa 3.0 crt
102738,Damen anhänger Leyasia Ø8 mm
98644,Shining Moon 3 mm
100034,Dames Hanger Elise
102738,Damen anhänger Leyasia Ø8 mm
89593,Anello da uomo Final Round
95242,Engagement Ring Phillipa 3.0 crt
108525,
103309,Engagement Ring Maletha
107305,Vjenčani prsten Attractive Light 5 mm
84767,Engagement Ring Lissy
95242,Engagement Ring Phillipa 3.0 crt
98670,Vestuvinis žiedas Pure Love 3 mm
92771,Damenring Classic Step 2mm
89591,Herrenring Ares
90937,Verlobungsring Bridal Rise 0.1crt
95536,Anello di fidanzamento Nettle
90394,Годежен пръстен Gredel
92469,Damen halskette Brylee
102299,Damen ohrring Nutpila
95242,Engagement Ring Phillipa 3.0 crt
103324,Engagement Ring Zanyria
96109,Wedding Ring Alluring Breath 6 mm
90738,Zásnubní prsten Gorion
98401,Women's Bracelet Peratra
89607,Herrenring Ramses
89526,Kvinnens ørering Nicky
95242,Engagement Ring Phillipa 3.0 crt
95536,Anello di fidanzamento Nettle
108734,Verlobungsring Chanoa
97471,Dámský náramek Shamal
101884,GLAMIRA Ring Merranda
90940,Verlobungsringe Bridal Rise 0.5crt
89572,Damen halskette Macy
92443,Cercei Dama Peyton
90738,Zásnubní prsten Gorion
92773,Damenring Classic Step 3mm
95560,GLAMIRA Ring Verde
90272,GLAMIRA Ring Edrie
90738,Zásnubní prsten Gorion
98801,Men's Wedding Ring Elegant Reflection 6 mm
102090,Dečiji narukvica Rachana
97816,Engagement Ring Kabena
98693,Vielsesring Heavenly Blaze 6 mm
86908,Engagement Ring Alina
103319,Anel Feminino Anamir
98693,Ehering Heavenly Blaze 6 mm
100034,Dames Hanger Elise
97155,Alliance pour homme Ornate Passion 5 mm
92793,Herrenring Classic Step 3mm
90941,Verlobungsring Bridal Rise 1.0crt
89593,Anello da uomo Final Round
103319,Anel Feminino Anamir
91046,Engagement Ring Abella 0.16 crt
91023,Eljegyzési gyűrű Henrietta 0.16crt
95641,GLAMIRA Anhänger Granada
95536,Anello di fidanzamento Nettle
90823,Engagement Ring Adira 0.27 crt
90742,GLAMIRA Ring Gaby
104496,Damen anhänger Keshondra
103324,Engagement Ring Zanyria
92510,Ciondolo da donna Daniela
103412,Verlobungsring Linderoth 0.5 crt
89601,Inel bărbați Magical Day
90940,Verlobungsringe Bridal Rise 0.5crt
103324,Engagement Ring Zanyria
99562,Pendiente para hombre Raysko
103169,Verlobungsring Nichelle
92171,Forlovelsesring Almira 0.8 crt
107305,Vjenčani prsten Attractive Light 5 mm
103830,Boucle d'oreille femme Kaylonni
103120,Verlobungsring Aubriel
89593,Anello da uomo Final Round
97851,Zásnubný prsteň Metis
101884,GLAMIRA Ring Merranda
92292,Eljegyzési gyűrű Brianna 0.1 crt
102479,Women's Bracelet Sycamore
99312,Anillo de boda Sense Layer 5 mm
89593,Anello da uomo Final Round
104278,Kvinnens ørering Abby
104496,Damen anhänger Keshondra
108474,
104235,Pendentif pour femme Armelda
90293,GLAMIRA Bridal Set Lovebirds-Ring B
105083,Vestuvinis žiedas Mysterious Touch 5 mm
97154,Bague de Mariage Ornate Passion 5 mm
101332,Herrenring Fernando
90784,Pulmakomplekt Gemmiferous
104278,Kvinnens ørering Abby
92784,Herrenring Classic Step 2mm
106404,Abielusõrmus Shining Element 5 mm
89572,Damen halskette Macy
90249,Engagement Ring Adira
95242,Engagement Ring Phillipa 3.0 crt
103309,Engagement Ring Maletha
103120,Verlobungsring Aubriel
92710,Men's Wedding Ring Classic Fame 4 mm
84792,Anello da uomo Hercules
92292,Eljegyzési gyűrű Brianna 0.1 crt
92485,Damen halskette Elsie
104278,Kvinnens ørering Abby
95641,GLAMIRA Anhänger Granada
95242,Engagement Ring Phillipa 3.0 crt
91023,Eljegyzési gyűrű Henrietta 0.16crt
95536,Anello di fidanzamento Nettle
90272,GLAMIRA Ring Edrie
92018,Damen ohrring Nella
92812,Men's Wedding Ring Classic Choice
95560,GLAMIRA Ring Verde
98401,Women's Bracelet Peratra
98889,
99317,Ehering Sense Muse 5 mm
95514,Verlobungsring Fiene
97155,Alliance pour homme Ornate Passion 5 mm
90787,Brudset Sinuous Grande
90805,GLAMIRA Bridal Set Soft Life Ring A
99576,Мъжки обеци Feoras
110478,Férfi Medál Yann
97816,Engagement Ring Kabena
84792,Anello da uomo Hercules
103207,Zásnubný prsteň Zanessa
103120,Verlobungsring Aubriel
92791,Men's Wedding Ring Classic Choice 3 mm
104278,Kvinnens ørering Abby
91040,Forlovelsesring Joy 0.5crt
90762,Zásnubný prsteň Alfrida
90784,Pulmakomplekt Gemmiferous
89593,Anello da uomo Final Round
95560,GLAMIRA Sormus Verde
101884,GLAMIRA Ring Merranda
108072,Nainen vihkisormus Endless Love 5 mm
89593,Anello da uomo Final Round
92790,Vielsesring Classic Choice 3 mm
110493,Women's Earring Crisantemo
98401,Damen armband Peratra
90293,GLAMIRA Bridal Set Lovebirds-Ring B
104235,Pendentif pour femme Armelda
84792,Anello da uomo Hercules
92018,Damen ohrring Nella
98693,Ehering Heavenly Blaze 6 mm
110478,Férfi Medál Yann
99312,Anillo de boda Sense Layer 5 mm
92791,Men's Wedding Ring Classic Choice 3 mm
109586,Engagement Ring Thursa
101332,Herrenring Fernando
108913,Pora žiedas Infinite Anticipation
84792,Anello da uomo Hercules
95514,Verlobungsring Fiene
97384,Cercei Dama Anatola
92790,Snubní Prsteny Classic Choice 3 mm
89593,Anello da uomo Final Round
92710,Men's Wedding Ring Classic Fame 4 mm
101749,Bague promesse couple Silver Opaque
92794,Herren trauring Classic Step 4mm
101153,Women's Ring Fever Life 3 mm
92485,Damen halskette Elsie
97154,Bague de Mariage Ornate Passion 5 mm
101153,Women's Ring Fever Life 3 mm
103352,Glamira Prsten Maharlika
109486,Damen anhänger Ingelas
95498,Anello da uomo Rafael
90736,Verlobungsring Gratia
84792,Anello da uomo Hercules
90937,Verlobungsring Bridal Rise 0.1crt
104496,Damen anhänger Keshondra
103830,Boucle d'oreille femme Kaylonni
91259,Steely Love
100034,Dames Hanger Elise
104278,Kvinnens ørering Abby
103324,Engagement Ring Zanyria
98401,Damen armband Peratra
95498,Anello da uomo Rafael
93278,Damenring Classic Search 3mm
100088,Дамска обица Daime
101153,Women's Ring Fever Life 3 mm
103303,Verlovingsring Egilina
104496,Damen anhänger Keshondra
92018,Damen ohrring Nella
89593,Anello da uomo Final Round
85796,Women's Earring Louisa
88521,Women's Wedding Ring Alluring Summer
103352,Glamira Prsten Maharlika
108072,Nainen vihkisormus Endless Love 5 mm
92018,Damen ohrring Nella
89593,Anello da uomo Final Round
100034,Dames Hanger Elise
103352,Glamira Prsten Maharlika
95242,Engagement Ring Phillipa 3.0 crt
93556,Herren trauring Classic Mind 4mm
91046,Engagement Ring Abella 0.16 crt
91259,Steely Love
95498,Anello da uomo Rafael
92183,Eljegyzési gyűrű Daffney 0.16 crt
91259,Steely Love
98357,Dámsky prsteň Dorotea
85809,Collier pour femme Maria
90990,Verlobungsring Lissy 0.5crt
86908,Engagement Ring Alina
97851,Zásnubný prsteň Metis
92848,Fede nuziale uomo Classic Mood 4mm
97845,Forlovelsesring Alonnisos
94970,Vestuvinis žiedas Silent Mirror
92443,Dames Oorbellen Peyton
110979,Wedding Ring Confident Gift 5 mm
95242,Engagement Ring Phillipa 3.0 crt
92790,Trauring Classic Choice 3 mm
91040,Forlovelsesring Joy 0.5crt
103352,Glamira Prsten Maharlika
85796,Cercei Dama Louisa
84792,Anello da uomo Hercules
95560,GLAMIRA Sormus Verde
103485,Anillo de compromiso Manilla
91259,Steely Love
103352,Glamira Prsteň Maharlika
95498,Anello da uomo Rafael
95242,Engagement Ring Phillipa 3.0 crt
93278,Damenring Classic Search 3mm
103352,Glamira Prsteň Maharlika
89593,Anello da uomo Final Round
104583,Pendiente para hombre Konsta
110478,Férfi Medál Yann
92443,Dames Oorbellen Peyton
103352,Glamira Prsten Maharlika
84774,Pierścionek zaręczynowy Julia
95242,Engagement Ring Phillipa 3.0 crt
104278,Kvinnens ørering Abby
108913,Pora žiedas Infinite Anticipation
108009,
101749,Bague promesse couple Silver Opaque
103207,Zásnubný prsteň Zanessa
92753,Classic Step 2mm
100088,Дамска обица Daime
95498,Anello da uomo Rafael
103412,Verlobungsring Linderoth 0.5 crt
84776,Eljegyzési gyűrű Jessica
95242,Engagement Ring Phillipa 3.0 crt
109586,Engagement Ring Thursa
92756,Classic Step 3mm
87895,Fede nuziale Universe Trio
98800,Men's Wedding Ring Elegant Reflection 5 mm
105535,Damen trauring Mystic Swirl 8 mm
97845,Verlovingsring Alonnisos
104015,Мъжки пръстен Albeiro
90990,Verlobungsring Lissy 0.5crt
90805,GLAMIRA Bridal Set Soft Life Ring A
104278,Kvinnens ørering Abby
97912,Kvinnans hänge Samosir
110493,Women's Earring Crisantemo
110562,Förlovningsring Bona 3.0 crt
95242,Engagement Ring Phillipa 3.0 crt
97845,Verlovingsring Alonnisos
109531,Naise ripats Yvette
84792,Anello da uomo Hercules
90249,Engagement Ring Adira
99576,Мъжки обеци Feoras
110468,Férfi Medál Teemu
95498,Anello da uomo Rafael
97912,Kvinnans hänge Samosir
95242,Engagement Ring Phillipa 3.0 crt
104496,Damen anhänger Keshondra
102107,Bratari copii Fabiolita
98098,Damen ohrring Moschato
98801,Men's Wedding Ring Elegant Reflection 6 mm
103352,Glamira Prsten Maharlika
94970,Vestuvinis žiedas Silent Mirror
85798,Damen ohrring Romy
98357,Dámsky prsteň Dorotea
96597,Eljegyzési gyűrű Salbatora
95498,Anello da uomo Rafael
97816,Engagement Ring Kabena
98431,GLAMIRA Ring Gavina
105097,Damenring Mysterious Touch 4 mm
97845,Forlovelsesring Alonnisos
90419,Damen anhänger Despina
103207,Zásnubný prsteň Zanessa
92794,Men's Wedding Ring Classic Step 4mm
102994,GLAMIRA Piercing Nez Syeira
103352,Glamira Prsteň Maharlika
92790,Trauring Classic Choice 3 mm
84792,Anello da uomo Hercules
109531,Naise ripats Yvette
111303,Női medál Pei
99054,Wedding Ring Elegant Aura 5 mm
90971,Engagement Ring Ellie 0.5 crt
109494,Damen anhänger Lisa
103207,Zásnubný prsteň Zanessa
95560,GLAMIRA Sormus Verde
92753,Classic Step 2mm
92327,Anello di fidanzamento Jemma 1.0 crt
103352,GLAMIRA Ring Maharlika
98431,GLAMIRA Ring Gavina
90941,Verlobungsringe Bridal Rise 1.0crt
90419,Damen anhänger Despina
104278,Kvinnens ørering Abby
92260,Kihlasõrmus Agnella
98443,GLAMIRA Ring Liffey
91076,Anello da donna Belva 0.1 crt
90167,Engagement Ring Gianna
92184,Zaručnički prsten Daffney
102773,GLAMIRA Pendant Keviona Ø6 mm
101739,Herrenring Yabdiel
102107,Bratari copii Fabiolita
92756,Classic Step 3mm
101153,Women's Ring Fever Life 3 mm
92237,Engagement Ring Viviette 0.16 crt
103120,Verlobungsring Aubriel
110979,Wedding Ring Confident Gift 5 mm
92327,Anello di fidanzamento Jemma 1.0 crt
103485,Engagement Ring Manilla
92394,GLAMIRA Ring Emmy
95498,Anello da uomo Rafael
96597,Eljegyzési gyűrű Salbatora
98431,GLAMIRA Ring Gavina
110562,Förlovningsring Bona 3.0 crt
105418,Trauring Romantic Trust 4 mm
84792,Anello da uomo Hercules
98800,Men's Wedding Ring Elegant Reflection 5 mm
104420,Men's Ring Tobias
98098,Damen ohrring Moschato
90419,Damen anhänger Despina
101153,Women's Ring Fever Life 3 mm
97845,Forlovelsesring Alonnisos
102479,Women's Bracelet Sycamore
111304,Női medál Samara
98319,Förlovningsring Arnalda
104015,Мъжки пръстен Albeiro
105079,Men's Ring Noble Shape 3 mm
101739,Herrenring Yabdiel
99558,Orecchino da uomo Kmetov
92794,Men's Wedding Ring Classic Step 4mm
104496,Damen anhänger Keshondra
80263,Fede nuziale Brilliant Dawn
90971,Engagement Ring Ellie 0.5 crt
101989,GLAMIRA Ring Kalundra
99316,Wedding Ring Sense Muse 4 mm
111304,Női medál Samara
92339,Engagement Ring Jolanka
98443,GLAMIRA Ring Liffey
98784,Fede nuziale uomo Pure Love 3 mm
99316,Wedding Ring Sense Muse 4 mm
100034,Dames Hanger Elise
92510,Ciondolo da donna Daniela
90480,Anillo de boda Immortal Charm
102479,Women's Bracelet Sycamore
89602,Inel bărbați No Rush
91027,Engagement Ring Jade 0.16 crt
95536,Engagement Ring Nettle
103368,Glamira Anel Cristela
101153,Women's Ring Fever Life 3 mm
99054,Wedding Ring Elegant Aura 5 mm
97969,Anello da donna Natural Sensation 3 mm
103207,Zásnubný prsteň Zanessa
105589,Fede nuziale Natural Capacity
98758,Anillo de hombre Shining Moon 3 mm
99316,Wedding Ring Sense Muse 4 mm
90167,Engagement Ring Gianna
101991,GLAMIRA Ring Kalonnie
91076,Anello da donna Belva 0.1 crt
92075,Damen anhänger Vinny Ø6 mm
91292,Women's Wedding Ring Ornate Chic
105048,Noble Shape 3 mm
94244,Heren Trouwring Classic 4mm
101805,Anello promessa coppia Eternal Starlite
99316,Wedding Ring Sense Muse 4 mm
85809,Damen anhänger Maria
99316,Fede nuziale Sense Muse 4 mm
103485,Engagement Ring Manilla
90941,Verlobungsringe Bridal Rise 1.0crt
99564,Boucle d'oreille homme Torreon
92792,Women's Wedding Ring Classic Choice 3 mm
109532,Naise ripats Zoya
98784,Fede nuziale uomo Pure Love 3 mm
103352,GLAMIRA Ring Maharlika
105066,Women's Ring Noble Shape 3 mm
96442,Eljegyzési gyűrű Empire
99470,Мъжка Брачна халка Infinite Pass 5 mm
110410,Herren-Anhänger Isaac
90167,Engagement Ring Gianna
99417,Anillo Boda Mujer Sense Muse 4 mm
84792,Anello da uomo Hercules
104418,Men's Ring Lorin
102509,Engagement Ring Oiffe
105315,Ehering Infinite Light 5 mm
110410,Herren-Anhänger Isaac
93069,Classic Route 9 mm
98267,Women's Ring Linderoth
95225,Engagement Ring Ellie 2.0 crt
103207,Zásnubný prsteň Zanessa
92075,Damen anhänger Vinny Ø6 mm
98319,Förlovningsring Arnalda
90736,Anillo de compromiso Gratia
92293,
105463,Women's Wedding Ring Sense Mira 4 mm
98886,Damen trauring Bright Morning 5 mm
104278,Kvinnens ørering Abby
90167,Engagement Ring Gianna
85809,Damen anhänger Maria
98449,GLAMIRA Ring Milla
95536,Engagement Ring Nettle
84869,Engagement Ring Jade
105428,Herren trauring Romantic Trust 4 mm
92375,Eljegyzési gyűrű Savanna 0.1 crt
89599,Mannens ring Heroic
104418,Men's Ring Lorin
103368,Glamira Anel Cristela
110559,Förlovningsring Berdina 0.5 crt
93268,Anillo de Pareja Classic Destiny 4mm
92375,Eljegyzési gyűrű Savanna 0.1 crt
90784,Bridal Set Gemmiferous
98449,GLAMIRA Ring Milla
99470,Мъжка Брачна халка Infinite Pass 5 mm
100160,Kid's Ring Zelene
92792,Women's Wedding Ring Classic Choice 3 mm
98939,Herren trauring Bright Morning 5 mm
109532,Naise ripats Zoya
80263,Fede nuziale Brilliant Dawn
104496,Damen anhänger Keshondra
101346,Mies sormus Undrais
110556,Anel de Noivado Gervasia 3.0 crt
96462,Glamira Gyűrű Alhertine
96636,Inel de Logodnă Rosalind
92075,Damen anhänger Vinny Ø6 mm
101588,Kinderohrring Destined
90461,Women's Wedding Ring Celtic Passage
101805,Anello promessa coppia Eternal Starlite
101848,Orecchino da donna Vedra
90259,Damen halskette Cassandra
106204,Women's Wedding Ring Glorious Touch 5 mm
80263,Fede nuziale Brilliant Dawn
92746,Herren trauring Classic Shield 4mm
99284,Vielsesring Infinite Sweet 4 mm
100034,Dames Hanger Elise
92075,Damen anhänger Vinny Ø6 mm
98005,Anello da donna Alluring Tear 3 mm
103477,GLAMIRA Ring Jesimar
104278,Kvinnens ørering Abby
96626,GLAMIRA Ring Edera
84853,GLAMIRA Inel Faye
98267,Women's Ring Linderoth
98758,Anillo de hombre Shining Moon 3 mm
95225,Engagement Ring Ellie 2.0 crt
99558,Orecchino da uomo Kmetov
99417,Anillo Boda Mujer Sense Muse 4 mm
92375,Eljegyzési gyűrű Savanna 0.1 crt
104278,Kvinnens ørering Abby
99316,Fede nuziale Sense Muse 4 mm
90733,Glamira Anillo Mindy
110564,Engagement Ring Ellie 1.0 crt
96065,Trauring Alluring Gift 6 mm
98449,GLAMIRA Ring Milla
99558,Orecchino da uomo Kmetov
92740,Pánský prsten Classic Expression 2.5 mm
94884,Damen trauring Brilliant Set
99558,Orecchino da uomo Kmetov
96637,GLAMIRA Prsten Furaha
92806,Herren trauring Classic Choice 4 mm
91028,Engagement Ring Jade 0.5 crt
92075,Damen anhänger Vinny Ø6 mm
84861,Anello di fidanzamento Daphne
84781,GLAMIRA Gyűrű Stella
102045,GLAMIRA Ring Ledina
110523,Dámský náušnice Iselin
92701,Trauring Classic Shield 4mm
96531,Bright Love 2 mm
92375,Eljegyzési gyűrű Savanna 0.1 crt
92849,Fede nuziale uomo Classic Mood 5mm
96442,Verlobungsring Empire
105463,Women's Wedding Ring Sense Mira 4 mm
103197,Inel de Logodnă Viyanka
98320,Anello di fidanzamento Basilia
92485,Dámský náhrdelník Elsie
103304,Engagement Ring Guendolin
92375,Eljegyzési gyűrű Savanna 0.1 crt
104025,Ring Beamard
100085,Дамска обица Canel
90939,Anello di fidanzamento Bridal Rise 0.16crt
89599,Mannens ring Heroic
95242,Engagement Ring Phillipa 3.0 crt
97845,Pierścionek zaręczynowy Alonnisos
99316,Ehering Sense Muse 4 mm
90949,Bague de fiançailles Paris 0.16crt
93268,Anillo de Pareja Classic Destiny 4mm
92075,Damen anhänger Vinny Ø6 mm
110559,Förlovningsring Berdina 0.5 crt
99470,Мъжка Брачна халка Infinite Pass 5 mm
102509,Verlobungsring Oiffe
90461,Women's Wedding Ring Celtic Passage
92313,
101848,Orecchino da donna Vedra
101588,Kinderohrring Destined
104278,Kvinnens ørering Abby
100034,Dames Hanger Elise
98005,Anello da donna Alluring Tear 3 mm
95242,Engagement Ring Phillipa 3.0 crt
90949,Bague de fiançailles Paris 0.16crt
92075,Damen anhänger Vinny Ø6 mm
98246,Eljegyzési gyűrű Titina
97967,Natural Sensation 3 mm
110564,Engagement Ring Ellie 1.0 crt
99316,Trauring Sense Muse 4 mm
103477,GLAMIRA Ring Jesimar
103120,Verlobungsring Aubriel
92513,Pendentif pour femme Daina
90940,Anello di fidanzamento Bridal Rise 0.5crt
92744,Ringe til kvinder Classic Expression 3 mm
105418,Trauring Romantic Trust 4 mm
93296,Classic Search 3mm
109532,Naise ripats Zoya
90940,Anello di fidanzamento Bridal Rise 0.5crt
104418,Men's Ring Lorin
98670,Anel de Casamento Pure Love 3 mm
95477,Pierścionek Męski Salamon
100085,Дамска обица Canel
92504,Dámsky prívesok Olga
90940,Anello di fidanzamento Bridal Rise 0.5crt
96626,GLAMIRA Ring Edera
98320,Anello di fidanzamento Basilia
100034,Dames Hanger Elise
106261,Herren trauring Strong Love 6 mm
90733,Glamira Anillo Mindy
90940,Anello di fidanzamento Bridal Rise 0.5crt
91038,Zásnubný prsteň Joy 0.25crt
90971,Engagement Ring Ellie 0.5 crt
111304,Női medál Samara
110523,Dámský náušnice Iselin
103959,Damen anhänger Toucan
98267,Anillo de Mujer Linderoth
90940,Anello di fidanzamento Bridal Rise 0.5crt
84781,GLAMIRA Gyűrű Stella
102475,Kvindes armbånd Salinger
95242,Engagement Ring Phillipa 3.0 crt
99316,Wedding Ring Sense Muse 4 mm
104227,Damen halskette Karley
90940,Anello di fidanzamento Bridal Rise 0.5crt
103471,Women's Ring Ehtel
92493,Dámsky prívesok Inga
92338,Anel de Noivado Jocelyn 0.16 crt
95529,GLAMIRA Gyűrű Marron
102568,Verlobungsringe Aniyalise
90855,Anillo de compromiso Alvina 0.2crt
103471,Women's Ring Ehtel
92806,Herren trauring Classic Choice 4 mm
90736,Eljegyzési gyűrű Gratia
97968,Anello da uomo Natural Sensation 3 mm
90736,Anillo de compromiso Gratia
95242,Engagement Ring Phillipa 3.0 crt
90438,
104056,Kvinnens ørering Nilasha
97967,Natural Sensation 3 mm
103959,Damen anhänger Toucan
93296,Classic Search 3mm
98364,Anel de Noivado Gandolfa
92787,Wedding Ring Classic Choice 2.5 mm
84781,GLAMIRA Ring Stella
90940,Anello di fidanzamento Bridal Rise 0.5crt
90940,Verlobungsringe Bridal Rise 0.5crt
86906,Zásnubný prsteň Bridal Rise
90438,
90736,Anello di fidanzamento Gratia
102509,Verlobungsring Oiffe
90736,Anello di fidanzamento Gratia
92792,Női karikagyűrű Classic Choice 3 mm
103568,Glamira Pierścionek Enerant
92792,Női karikagyűrű Classic Choice 3 mm
97813,GLAMIRA Ring Alula
98670,Fede nuziale Pure Love 3 mm
90736,Engagement Ring Gratia
110418,Herren-Anhänger Jose
93043,Classic Route 3 mm
110024,GLAMIRA Bague Timonie
90736,Eljegyzési gyűrű Gratia
92184,Anello di fidanzamento Daffney
110497,Engagement Ring Denisa
90742,Glamira Anillo Gaby
90547,Trauring Immortal Spell Basic
89607,Anello da uomo Ramses
90438,
103488,Inel de Logodnă Matteline
90940,Engagement Ring Bridal Rise 0.5 crt
92188,Engagement Ring Ethel
101694,Kinderohrring Elmir
104056,Kvinnens ørering Nilasha
91855,GLAMIRA Anello Mabel
95560,GLAMIRA Ring Verde
92792,Alliance pour femme Classic Choice 3 mm
92075,Damen anhänger Vinny Ø6 mm
95536,Годежен пръстен Nettle
95242,Engagement Ring Phillipa 3.0 crt
89607,Anello da uomo Ramses
90438,
99316,Trauring Sense Muse 4 mm
97022,Great Sensational 8mm
95536,Годежен пръстен Nettle
106261,Herren trauring Strong Love 6 mm
90438,
103324,Verlobungsringe Zanyria
103471,Women's Ring Ehtel
86906,Anel de Noivado Bridal Rise
91820,GLAMIRA Ring Garish
98080,Bague de Mariage White Innocence 4 mm
102454,Damen armband Ladan
93296,Classic Search 3mm
90742,Glamira Anillo Gaby
89602,Anello da uomo No Rush
84779,Pierścionek zaręczynowy Paris
95199,Engagement Ring Amanda 2.0crt
92073,Damen anhänger Vinny
98421,GLAMIRA Ring Cascate
92710,Men's Wedding Ring Classic Fame 4 mm
96636,Inel de Logodnă Rosalind
98364,Anel de Noivado Gandolfa
98080,Bague de Mariage White Innocence 4 mm
111305,GLAMIRA Nyaklánc Syble
104234,Dames Hanger Arlenys
102475,Kvinnens armbånd Salinger
98080,Bague de Mariage White Innocence 4 mm
103162,Verlobungsring Mayetta
90937,Engagement Ring Bridal Rise 0.1 crt
97507,Quotation product
98080,Bague de Mariage White Innocence 4 mm
84850,Engagement Ring Cynthia
92744,Ringe til kvinder Classic Expression 3 mm
107318,Obrączka ślubna Bright Core 5 mm
95199,Engagement Ring Amanda 2.0crt
98080,Bague de Mariage White Innocence 4 mm
90742,Glamira Anello Gaby
103508,Glamira Anillo Vontasia
92073,Damen anhänger Vinny
95494,Mannens ring Nicolas
103207,Zásnubný prsteň Zanessa
92075,Damen anhänger Vinny Ø6 mm
90736,Engagement Ring Gratia
86904,
90736,Engagement Ring Gratia
90940,Verlobungsringe Bridal Rise 0.5crt
90742,Glamira Anello Gaby
95560,GLAMIRA Ring Verde
90940,Bague de fiançailles Bridal Rise 0.5crt
92264,Anel de Noivado Agnella 0.25 crt
101267,Dámský kotníkový řetízek Danitza
104056,Kvinnens ørering Nilasha
99842,Bông tai nữ Majella
95199,Engagement Ring Amanda 2.0crt
111305,GLAMIRA Nyaklánc Syble
91855,
95560,GLAMIRA Ring Verde
92710,Men's Wedding Ring Classic Fame 4 mm
90742,Glamira Anillo Gaby
92075,Damen anhänger Vinny Ø6 mm
92790,Wedding Ring Classic Choice 3 mm
101571,Kinderohrring Dellish
90742,Glamira Anello Gaby
97242,GLAMIRA Bague Mayo
101330,Mannens ring Coalton
90398,Anillo de compromiso Monnara
105946,Fede nuziale White Crown 4 mm
97501,GLAMIRA Обеци Farabadan
90742,Glamira Anello Gaby
90547,Trauring Immortal Spell Basic
103485,Bague de fiançailles Manilla
95503,GLAMIRA Anillo Begonia
107057,Брачна халка Bright Miracle 6 mm
90940,Verlobungsringe Bridal Rise 0.5crt
90744,Engagement Ring Belva
85809,Damen anhänger Maria
97501,GLAMIRA Обеци Farabadan
110825,GLAMIRA Anhänger Carline J
105898,Trauring Universe Adore 5 mm
104015,Men's Ring Albeiro
93084,Classic Inspiration 3mm
102090,Dečiji narukvica Rachana
102090,Dečiji narukvica Rachana
90940,Verlobungsringe Bridal Rise 0.5crt
101694,Kinderohrring Elmir
107057,Брачна халка Bright Miracle 6 mm
80272,Fede nuziale Brilliant Sunset
90940,Zásnubní prsten Bridal Rise 0.5crt
102090,Dečiji narukvica Rachana
105898,Fede nuziale Universe Adore 5 mm
92073,Damen anhänger Vinny
98670,Anillo de boda Pure Love 3 mm
89516,Manchetknoop Romantic Knight
98387,Bracelet pour femme Hitam
98082,Men's Wedding Ring White Innocence 4 mm
90940,Verlobungsringe Bridal Rise 0.5crt
95577,Anello da donna Alluring Star 3 mm
102090,Dečiji narukvica Rachana
101551,GLAMIRA Обеци Mishel 12 mm
90528,Fede nuziale Immortal Luck
98387,Bracelet pour femme Hitam
102720,Dames Oorbellen Lendria Ø8 mm
98386,Dámský náramek Gaire
90940,Anillo de compromiso Bridal Rise 0.5crt
98421,GLAMIRA Ring Cascate
90940,Verlobungsringe Bridal Rise 0.5crt
91150,Glamira Cross Riipus Croce
106047,Fede nuziale donna Pure Touch 4 mm
98255,Verlobungsring Fayette
103394,Verlobungsringe Calmar 1.0 crt
110633,Anel de Noivado Marinella 1.0 crt
99316,Wedding Ring Sense Muse 4 mm
102090,Dečiji narukvica Rachana
104444,GLAMIRA Pierścionek Alversita
105457,Fede nuziale Sense Mira 6 mm
97112,Fede nuziale White Drop
102484,Damen armband Tanel
109781,Eljegyzési gyűrű Cadence 2.0 crt
84768,GLAMIRA Ringe Jane
95577,Anello da donna Alluring Star 3 mm
96661,GLAMIRA Prsteň Miercoles
97845,Anillo de compromiso Alonnisos
103120,Verlobungsring Aubriel
89522,Ženski uhani Carly
90169,Bague de fiançailles Lillian
93257,Classic Moon 3 mm
92327,Zásnubní prsten Jemma 1.0 crt
98387,Bracelet pour femme Hitam
91078,Verlobungsringe Belva 0.25 crt
97968,Anello da uomo Natural Sensation 3 mm
103538,Engagement Ring Staska
89592,Men's Ring Cool Breeze
92746,Herren trauring Classic Shield 4mm
96661,GLAMIRA Prsteň Miercoles
92746,Herren trauring Classic Shield 4mm
107311,Fede nuziale Authentic Line 6 mm
88886,Men's Wedding Ring Fantastic Corenes
97845,Anillo de compromiso Alonnisos
90169,Bague de fiançailles Lillian
97969,Anello da donna Natural Sensation 3 mm
110023,Inel de Logodnă Timerica
103120,Verlobungsring Aubriel
96661,GLAMIRA Prsteň Miercoles
95491,Mannens ring Navarro
101346,Mannens ring Undrais
90169,Bague de fiançailles Lillian
103324,Engagement Ring Zanyria
98421,GLAMIRA Ring Cascate
92493,Dámsky prívesok Inga
104166,GLAMIRA Ring Caridad
96459,Eljegyzési gyűrű Cadence
92288,Engagement Ring Ariel
101738,Mannens ring Vinicius
96661,GLAMIRA Prsteň Miercoles
102484,Damen armband Tanel
91033,Eljegyzési gyűrű Jessica 0.25crt
103324,Engagement Ring Zanyria
110633,Anel de Noivado Marinella 1.0 crt
80263,Inel de Nuntă Brilliant Dawn
103163,Bague de fiançailles Merrita
101339,Mannens ring Tubias
98083,Women's Wedding Ring White Innocence 4 mm
93075,Classic Rule 2 mm
92325,Zásnubní prsten Jemma 0.5 crt
84774,Eljegyzési gyűrű Julia
99316,Wedding Ring Sense Muse 4 mm
90419,Colgante de Mujer Despina
85798,Damen ohrring Romy
96459,Eljegyzési gyűrű Cadence
103707,Anello da uomo Brilliant Rose 3 mm
96531,Bright Love 2 mm
89607,Mannens ring Ramses
102007,GLAMIRA Ring Vellamo
102065,Dames Hanger Lamyra
92790,Trauring Classic Choice 3 mm
89607,Mannens ring Ramses
99923,Glamira Medál Giulia
97890,Women's Pendant Cefalania
80261,Trauring Brilliant Couple
103538,Engagement Ring Staska
103324,Verlobungsring Zanyria
93297,Classic Search 3mm
103470,Zásnubní prsten Efrata
99316,Wedding Ring Sense Muse 4 mm
96453,Zásnubný prsteň Gremory
101725,Anillo de Hombre Antorion
103538,Engagement Ring Staska
90438,
92260,Kihlasõrmus Agnella
105048,Noble Shape 3 mm
96573,Bright Youth 10 mm
96462,Glamira Gyűrű Alhertine
110497,Engagement Ring Denisa
103126,Engagement Ring Ebba
95560,GLAMIRA Anillo Verde
92184,Pierścionek zaręczynowy Daffney
103324,Verlobungsring Zanyria
110497,Engagement Ring Denisa
91078,Pierścionek zaręczynowy Belva 0.25 crt
92792,Női karikagyűrű Classic Choice 3 mm
111304,Női medál Samara
92168,Anel de Noivado Almira
109096,Women's Wedding Ring Essential Route 5 mm
90742,Glamira Anillo Gaby
90744,Verlobungsring Belva
102523,Inel de Logodnă Herlane
86908,Bague de fiançailles Alina
90736,Anillo de compromiso Gratia
110822,GLAMIRA Anhänger Carline G
90736,Anillo de compromiso Gratia
97846,Verlovingsring Siargaole
104418,Nhẫn nam Lorin
110413,Herren-Anhänger Jaxton
93297,Classic Search 3mm
91855,GLAMIRA Anello Mabel
80261,Trauring Brilliant Couple
93054,Kvinnans vigselring Classic Route 4 mm
104056,Kvinnens ørering Nilasha
92188,Engagement Ring Ethel
111305,GLAMIRA Nyaklánc Syble
95242,Engagement Ring Phillipa 3.0 crt
103207,Zásnubný prsteň Zanessa
92790,Trauring Classic Choice 3 mm
90742,Glamira Anillo Gaby
102029,Engagement Ring Joharis
103324,Verlobungsring Zanyria
91150,Glamira Cross Riipus Croce
101709,Kinderoorbellen Cassiel
104233,Naise ripats Arlecia
103647,Glamira Pierścionek Geraldina
92787,Wedding Ring Classic Choice 2.5 mm
86906,Anillo de compromiso Bridal Rise
102475,Kvinnens armbånd Salinger
98080,Bague de Mariage White Innocence 4 mm
90736,Engagement Ring Gratia
110649,GLAMIRA Anello Noelia
98080,Bague de Mariage White Innocence 4 mm
96636,Inel de Logodnă Rosalind
110413,Herren-Anhänger Jaxton
90742,Glamira Anillo Gaby
103126,Engagement Ring Ebba
111305,GLAMIRA Nyaklánc Syble
86905,Verlobungsringe Joy
108913,Paarring Infinite Anticipation
95242,Engagement Ring Phillipa 3.0 crt
86911,Engagement Ring Ellie
91211,Manchetknoop Humberto
92493,Dámsky prívesok Inga
90742,Glamira Anello Gaby
95199,Engagement Ring Amanda 2.0crt
103324,Verlobungsring Zanyria
99417,Women's Wedding Ring Sense Muse 4 mm
90736,Engagement Ring Gratia
103120,Verlobungsring Aubriel
92755,Kvindes vielsesring Classic Expression 4 mm
92323,Engagement Ring Jeffrey 0.16 crt
106042,Fede nuziale Pure Touch 4 mm
97890,Damen anhänger Cefalania
96521,Vigselring Alluring Behaviour 4 mm
103120,Verlobungsring Aubriel
95199,Engagement Ring Amanda 2.0crt
98370,Pulsera de Mujer Alama
102484,Damen armband Tanel
103324,Bague de fiançailles Zanyria
98412,Glamira Pierścionek Ahabasca
105461,Sense Mira 10 mm
95560,GLAMIRA Ring Verde
98347,Naise ripats Bolsena
103342,Verlovingsring Markina
103324,Verlobungsring Zanyria
110024,GLAMIRA Bague Timonie
92168,Anello di fidanzamento Almira
95503,GLAMIRA Anillo Begonia
110649,GLAMIRA Anello Noelia
96530,Anillo de boda Bright Nature 2 mm
101734,Mannens ring Alejos
84850,Engagement Ring Cynthia
84814,Engagement Ring Cecilia
90744,Engagement Ring Belva
106047,Fede nuziale donna Pure Touch 4 mm
95494,Mannens ring Nicolas
95503,GLAMIRA Prsteň Begonia
92264,Anel de Noivado Agnella 0.25 crt
92063,Damen anhänger Trecia
92325,Zásnubní prsten Jemma 0.5 crt
90738,Bague de fiançailles Gorion
90736,Engagement Ring Gratia
96459,Eljegyzési gyűrű Cadence
90528,Fede nuziale Immortal Luck
89607,Mannens ring Ramses
110413,Herren-Anhänger Jaxton
105005,Pánský prsten Life Glow 3 mm
84814,Engagement Ring Cecilia
101725,Anillo de Hombre Antorion
106042,Fede nuziale Pure Touch 4 mm
91056,
98080,Anillo de boda White Innocence 4 mm
90970,Anel de Noivado Ellie 0.16crt
89602,Bague pour homme No Rush
80272,Fede nuziale Brilliant Sunset
103420,Engagement Ring Marinella 2.0 crt
99923,Glamira Medál Giulia
109718,Kvinnans örhänge Glenn
110606,GLAMIRA Ring Gilma
92313,Engagement Ring Fonda 0.5 crt
99001,Anel de Casamento Alluring Truth 6 mm
103959,Damen anhänger Toucan
110606,GLAMIRA Ring Gilma
102484,Damen armband Tanel
97825,Anillo de compromiso Alabate
102714,Дамска обица Lamarria
96442,Eljegyzési gyűrű Empire
103938,Pendentif pour femme Mayonna
110606,GLAMIRA Ring Gilma
84879,Anel de Noivado Amalia
107053,Glorious Moment 3 mm
103959,Damen anhänger Toucan
109706,GLAMIRA Ring Ellura
101341,Mannens ring Valfred
103485,Bague de fiançailles Manilla
96459,Eljegyzési gyűrű Cadence
103324,Verlobungsringe Zanyria
92793,Herenring Classic Step 3mm
91150,GLAMIRA Pendant Croce
94244,Anillo Boda Hombre Classic 4mm
86912,Bague de fiançailles Céline
95062,Engagement Ring Alisha 3.0 crt
92790,Trauring Classic Choice 3 mm
103324,Pierścionek zaręczynowy Zanyria
101339,Mannens ring Tubias
92389,Engagement Ring Aldea
101340,Men's Ring Vakaris
103324,Verlobungsringe Zanyria
91998,Dames Oorbellen Marina
103319,Anel Feminino Anamir
92389,Engagement Ring Aldea
103324,Pierścionek zaręczynowy Zanyria
101282,Chaîne cheville femme Talaith
107054,Pánské prsteny Glorious Moment 3 mm
96589,Pierścionek zaręczynowy Sretno
90940,Anello di fidanzamento Bridal Rise 0.5crt
98249,GLAMIRA Ring Cesarina
104177,GLAMIRA Ring Jadora
98255,Verlobungsring Fayette
103207,Eljegyzési gyűrű Zanessa
103324,Verlobungsringe Zanyria
91046,Engagement Ring Abella 0.16 crt
84879,Anel de Noivado Amalia
90169,Bague de fiançailles Lillian
103120,Verlobungsring Aubriel
90940,Anello di fidanzamento Bridal Rise 0.5crt
99316,Karikagyűrű Sense Muse 4 mm
100784,Pandantiv copii Wulai
92808,Wedding Ring Classic Choice 5 mm
98476,GLAMIRA Ring Vernal
104232,Damen anhänger Samariel
101738,Anello da uomo Vinicius
92746,Herren trauring Classic Shield 4mm
103938,Pendentif pour femme Mayonna
99417,Women's Wedding Ring Sense Muse 4 mm
93325,Classic Meaning 2mm
96589,Pierścionek zaręczynowy Sretno
92746,Herren trauring Classic Shield 4mm
99316,Bague de Mariage Sense Muse 4 mm
89606,Men's Ring Powerful Mind
89380,Női gyűrű April
103485,Engagement Ring Manilla
90169,Bague de fiançailles Lillian
101925,GLAMIRA Bague Despoina
105898,Trauring Universe Adore 5 mm
104177,GLAMIRA Ring Jadora
110413,Herren-Anhänger Jaxton
101738,Anello da uomo Vinicius
98255,Verlobungsring Fayette
99316,Bague de Mariage Sense Muse 4 mm
110413,Herren-Anhänger Jaxton
104232,Damen anhänger Samariel
91060,Glamira Prsteň Agnella 1.0 crt
92443,Boucle d'oreille femme Peyton
98476,GLAMIRA Ring Vernal
98267,Dámsky prsteň Linderoth
99316,Bague de Mariage Sense Muse 4 mm
108734,Anillo de compromiso Chanoa
90169,Bague de fiançailles Lillian
90940,Anillo de compromiso Bridal Rise 0.5crt
98080,Wedding Ring White Innocence 4 mm
98758,Anello da uomo Shining Moon 3 mm
103485,Engagement Ring Manilla
109639,Damen anhänger Caprice
89612,Bague pour homme Wise Decision
101339,Mannens ring Tubias
92307,Engagement Ring Effie
96685,GLAMIRA Ring Begalinis
92735,
100681,Kolczyki dziecięce Phineas
85798,Damen ohrring Romy
105418,Trauring Romantic Trust 4 mm
98202,Damen ohrring Siria
90419,Dames Hanger Despina
96506,Trauring Alluring Balance 4 mm
85798,Damen ohrring Romy
90738,Bague de fiançailles Gorion
92790,Trauring Classic Choice 3 mm
97816,Verlobungsring Kabena
98082,Men's Wedding Ring White Innocence 4 mm
105418,
99312,Anel de Casamento Sense Layer 5 mm
105898,Trauring Universe Adore 5 mm
93568,Herren trauring Classic Progress
98202,Damen ohrring Siria
92412,Kvindes ørering Carlita
103485,Engagement Ring Manilla
92790,Trauring Classic Choice 3 mm
105418,Trauring Romantic Trust 4 mm
102005,GLAMIRA Ring Loujain
92755,Damen trauring Classic Expression 4 mm
103959,Damen anhänger Toucan
89589,Women's Pendant Dina
103324,Pierścionek zaręczynowy Zanyria
89606,Herrenring Powerful Mind
101903,GLAMIRA Ring Molique
98202,Damen ohrring Siria
90742,GLAMIRA Ring Gaby
103420,Engagement Ring Marinella 2.0 crt
98202,Damen ohrring Siria
90753,
92434,Women's Earring Melinda
90753,
108913,Anello di coppia Infinite Anticipation
110096,GLAMIRA Ring Brynn
106042,Fede nuziale Pure Touch 4 mm
97870,
106042,Fede nuziale Pure Touch 4 mm
106042,Fede nuziale Pure Touch 4 mm
99417,Damen trauring Sense Muse 4 mm
92187,Zásnubný prsteň Daffney 1.0 crt
90474,Obrączka ślubna Celtic Way
108913,Pora žiedas Infinite Anticipation
98347,Naise ripats Bolsena
92318,Engagement Ring Jeffrey
91064,Verlobungsring Alfrida 0.5 crt
95480,Mannens ring Bertlan
86905,Verlobungsringe Joy
91064,Verlobungsring Alfrida 0.5 crt
110024,GLAMIRA Bague Timonie
96521,Vigselring Alluring Behaviour 4 mm
106042,Fede nuziale Pure Touch 4 mm
104015,Men's Ring Albeiro
90841,Verlobungsring Alina 1.0crt
91211,Manchetknoop Humberto
103324,Verlobungsring Zanyria
99417,Women's Wedding Ring Sense Muse 4 mm
98347,Naise ripats Bolsena
100034,Dames Hanger Elise
103014,Damen fußkette Aklesia
95498,Herrenring Rafael
92755,Damen trauring Classic Expression 4 mm
90753,
95498,Herrenring Rafael
84785,Bague de fiançailles Penelope
96530,Anillo de boda Bright Nature 2 mm
103324,Verlobungsring Zanyria
92493,Dámsky prívesok Inga
104024,Herrenring Antonie
84768,GLAMIRA Ringe Jane
103014,Damen fußkette Aklesia
98080,Bague de Mariage White Innocence 4 mm
91997,GLAMIRA Pendant Paiva
107311,Fede nuziale Authentic Line 6 mm
90753,
89438,GLAMIRA Ring Jamie
97969,Anello da donna Natural Sensation 3 mm
90753,
99419,Damen trauring Sense Muse 6 mm
92485,Dames Hanger Elsie
103324,Verlobungsring Zanyria
91150,Glamira Cross Riipus Croce
89380,Women's Ring April
91997,GLAMIRA Pendant Paiva
104024,Herrenring Antonie
89438,GLAMIRA Ring Jamie
105048,
105898,Trauring Universe Adore 5 mm
103708,Anello da donna Brilliant Rose 3 mm
93257,Classic Moon 3 mm
90753,
103014,Damen fußkette Aklesia
92320,Engagement Ring Jeffrey 0.5 crt
91078,Verlobungsringe Belva 0.25 crt
95480,Mannens ring Bertlan
90753,
103014,Damen fußkette Aklesia
102090,Dečiji narukvica Rachana
107313,Authentic Line 10 mm
90753,
92073,Women's Pendant Vinny
98387,Bracelet pour femme Hitam
104021,Herrenring Amaud
92327,Zásnubní prsten Jemma 1.0 crt
90471,Obrączka ślubna Celtic Swirl
84776,Eljegyzési gyűrű Jessica
103014,Damen fußkette Aklesia
91997,GLAMIRA Pendant Paiva
85796,GLAMIRA Ohrstecker Louisa
105898,Trauring Universe Adore 5 mm
97969,Anello da donna Natural Sensation 3 mm
90919,Engagement Ring Sabella 0.5 crt
92327,Zásnubní prsten Jemma 1.0 crt
109879,Verlobungsring Kabena 0.5 crt
92485,Dames Hanger Elsie
90468,Obrączka ślubna Celtic Solstice
110546,GLAMIRA Necklace Zarita
97112,Fede nuziale White Drop
104021,Herrenring Amaud
99316,Wedding Ring Sense Muse 4 mm
89380,Women's Ring April
98387,Bracelet pour femme Hitam
92789,Kvindes vielsesring Classic Choice 2.5 mm
103014,Damen fußkette Aklesia
110545,Engagement Ring Zarita
96641,Eljegyzési gyűrű Hibiscus
85777,Inel de Nuntă Amazing Sense
88886,Men's Wedding Ring Fantastic Corenes
96661,GLAMIRA Prsteň Miercoles
105898,Trauring Universe Adore 5 mm
90418,Női medál Danny
108995,Women's Ring Magic Shield 7 mm
107372,Inel de Nuntă Shining Energy 4 mm
98249,GLAMIRA Ring Cesarina
103014,Damen fußkette Aklesia
92377,Inel de Logodnă Savanna 0.8 crt
90738,Bague de fiançailles Gorion
84792,Men's Ring Hercules
98474,GLAMIRA Ring Valaste
103014,Damen fußkette Aklesia
90738,Bague de fiançailles Gorion
103708,Anello da donna Brilliant Rose 3 mm
110545,Engagement Ring Zarita
92325,Zásnubní prsten Jemma 0.5 crt
103324,Pierścionek zaręczynowy Zanyria
98166,Damen ohrring Hadassah
89188,Women's Wedding Ring Infinite Poetry
90419,Colgante de Mujer Despina
111301,Női medál Lucie
101346,Mannens ring Undrais
103538,Engagement Ring Staska
96459,Eljegyzési gyűrű Cadence
101738,Mannens ring Vinicius
80312,Fede nuziale Smart Ornament Basic
103485,Bague de fiançailles Manilla
93075,Classic Rule 2 mm
92485,Damen halskette Elsie
93297,Classic Search 3mm
98080,Anillo de boda White Innocence 4 mm
93084,Classic Inspiration 3mm
98474,GLAMIRA Ring Valaste
101787,Parin lupaussormus Silver Dream
93305,Classic Search 7mm
103324,Verlobungsring Zanyria
103006,Chaîne cheville femme Abriona
93297,Classic Search 3mm
92485,Damen halskette Elsie
103707,Pánské prsteny Brilliant Rose 3 mm
110023,Inel de Logodnă Timerica
101341,Mannens ring Valfred
90419,Pendentif pour femme Despina
93297,Classic Search 3mm
98320,Verlovingsring Basilia
105898,Trauring Universe Adore 5 mm
98327,Glamira Inel Ercolina
108781,Magic Shield 7 mm
84792,Ring Hercules
96442,Eljegyzési gyűrű Empire
110606,GLAMIRA Ring Gilma
96442,Eljegyzési gyűrű Empire
97868,Годежен пръстен Marinella
103959,Damen anhänger Toucan
85798,Damen ohrring Romy
106774,Anillo de boda Immortal Chic 4 mm
90744,Engagement Ring Belva
91033,Eljegyzési gyűrű Jessica 0.25crt
84792,Men's Ring Hercules
90736,Anillo de compromiso Gratia
85798,Damen ohrring Romy
89466,GLAMIRA Ring Sofi
91150,GLAMIRA Pendant Croce
104166,GLAMIRA Ring Caridad
89591,Mannens ring Ares
91033,Eljegyzési gyűrű Jessica 0.25crt
106774,Fede nuziale Immortal Chic 4 mm
101576,Kid's Earring Eilonwy
99417,Women's Wedding Ring Sense Muse 4 mm
92300,Anel de Noivado Cassidy 1.0 crt
92788,Vyro vestuvinis žiedas Classic Choice 2.5 mm
105958,Anillo Boda Hombre White Crown 6 mm
92787,Брачна халка Classic Choice 2.5 mm
89602,Bague pour homme No Rush
90411,Damen ohrring Lucca
92389,Engagement Ring Aldea
84776,Eljegyzési gyűrű Jessica
96596,Engagement Ring Sencillo
101271,Chaîne cheville femme Hairo
109572,Inel de Logodnă Nichele
101343,Herrenring Brelon
101282,Chaîne cheville femme Talaith
92389,Engagement Ring Aldea
96442,Eljegyzési gyűrű Empire
92313,Engagement Ring Fonda 0.5 crt
84875,Bague de fiançailles Claire
98249,GLAMIRA Ring Cesarina
97816,Eljegyzési gyűrű Kabena
88045,Women's Wedding Ring Alluring Level
101339,Mannens ring Tubias
103938,Pendentif pour femme Mayonna
85798,Damen ohrring Romy
101339,Mannens ring Tubias
99316,Bague de Mariage Sense Muse 4 mm
103420,Engagement Ring Marinella 2.0 crt
89610,Mænds ring Sporty
92389,Engagement Ring Aldea
90272,GLAMIRA Ring Edrie
99316,Bague de Mariage Sense Muse 4 mm
92372,Pierścionek zaręczynowy Sadie 1.0 crt
103033,Chaîne cheville femme Avielle
108913,Paarring Infinite Anticipation
103120,Verlobungsring Aubriel
101323,Anello da uomo Baynard
90937,Engagement Ring Bridal Rise 0.1crt
104021,Herrenring Amaud
108734,Anillo de compromiso Chanoa
108913,Anello di coppia Infinite Anticipation
85798,Damen ohrring Romy
96662,GLAMIRA Ring Mika
104021,Herrenring Amaud
102005,GLAMIRA Ring Loujain
89589,Women's Pendant Dina
97232,Amazing Grace 3mm
105898,Trauring Universe Adore 5 mm
93301,Snubní Prsteny Classic Search 5mm
96445,Anello da donna Calmar
88904,Women's Wedding Ring Great Line
102478,Dames Armband Sorin
103471,Women's Ring Ehtel
102514,Anello di fidanzamento Miguelina
105418,Trauring Romantic Trust 4 mm
90855,Anillo de compromiso Alvina 0.2crt
109532,Naise ripats Zoya
103304,Engagement Ring Guendolin
95477,Pierścionek Męski Salamon
105906,Herren trauring Universe Adore 5 mm
97967,Natural Sensation 3 mm
96531,Bright Love 2 mm
102478,Dames Armband Sorin
99316,Ehering Sense Muse 4 mm
104232,Damen anhänger Samariel
93051,Women's ring Classic Route 3 mm
92513,Pendentif pour femme Daina
90438,
97967,Natural Sensation 3 mm
103959,Damen anhänger Toucan
84767,Anillo de compromiso Lissy
86905,Eljegyzési gyűrű Joy
95700,GLAMIRA Обеци Krug
86906,Zásnubný prsteň Bridal Rise
90971,Engagement Ring Ellie 0.5 crt
98670,Fede nuziale Pure Love 3 mm
98246,Eljegyzési gyűrű Titina
93043,Classic Route 3 mm
90711,GLAMIRA Ring Amberly
102484,Damen armband Tanel
86908,Bague de fiançailles Alina
95536,Годежен пръстен Nettle
90940,Engagement Ring Bridal Rise 0.5 crt
92184,Anello di fidanzamento Daffney
90736,Anello di fidanzamento Gratia
110218,Dámský náramek Aide
102052,Förlovningsring Maddasin
98246,Eljegyzési gyűrű Titina
104418,Men's Ring Lorin
102484,Damen armband Tanel
90949,Bague de fiançailles Paris 0.16crt
89602,Anello da uomo No Rush
103400,Anillo de compromiso Cannoli 2.0 crt
99316,Wedding Ring Sense Muse 4 mm
80273,Fede nuziale Brilliant Twinkle
92792,Női karikagyűrű Classic Choice 3 mm
101683,Kinderohrring Agaperose
103568,Glamira Pierścionek Enerant
101784,Anello promessa coppia Magnetic Passion
102029,Engagement Ring Joharis
103471,Women's Ring Ehtel
104232,Damen anhänger Samariel
101266,Chaîne cheville femme Altaira
102568,Verlobungsringe Aniyalise
99316,Anillo de boda Sense Muse 4 mm
92168,Anel de Noivado Almira
105179,Fede nuziale Passionate Waiting 5 mm
101832,
92338,Anel de Noivado Jocelyn 0.16 crt
93051,Women's ring Classic Route 3 mm
110024,GLAMIRA Ring Timonie
104233,Naise ripats Arlecia
103647,Glamira Pierścionek Geraldina
95529,GLAMIRA Gyűrű Marron
110627,Dames Oorbellen Hilaria
93084,Classic Inspiration 3mm
105418,Trauring Romantic Trust 4 mm
90940,Verlobungsringe Bridal Rise 0.5crt
91150,Glamira Cross Riipus Croce
101330,Mannens ring Coalton
90940,Bague de fiançailles Bridal Rise 0.5crt
105028,Fede nuziale Marvelous Darling 5 mm
92744,Ringe til kvinder Classic Expression 3 mm
97890,Damen anhänger Cefalania
90742,Glamira Anillo Gaby
87185,Fede nuziale Exotic Milkyway
90997,Bague pour femme Grace 0.16crt
98080,Bague de Mariage White Innocence 4 mm
110024,GLAMIRA Ring Timonie
101571,Kinderohrring Dellish
92319,Engagement Ring Jeffrey 0.1 crt
111305,GLAMIRA Nyaklánc Syble
98080,Bague de Mariage White Innocence 4 mm
86906,Anel de Noivado Bridal Rise
98382,Pulsera de Mujer Ema
85809,Women's Pendant Maria
98759,Alliance pour homme Shining Moon 4 mm
103324,Verlobungsring Zanyria
95560,GLAMIRA Anillo Verde
92790,Wedding Ring Classic Choice 3 mm
92063,Pendentif pour femme Trecia
90742,Glamira Anillo Gaby
94890,Trauring Brilliant Set 6mm
98080,Bague de Mariage White Innocence 4 mm
98398,Dama Brățară Mychele
90940,Verlobungsringe Bridal Rise 0.5crt
90439,Alliance pour homme Celtic Claddagh
107889,Trauring Exotic Dream 4 mm
86911,Engagement Ring Ellie
103162,Verlobungsring Mayetta
90742,Glamira Anillo Gaby
98080,Bague de Mariage White Innocence 4 mm
104233,Naise ripats Arlecia
93054,Kvinnans vigselring Classic Route 4 mm
92168,Anello di fidanzamento Almira
95560,GLAMIRA Ring Verde
90742,Glamira Anillo Gaby
92792,Alliance pour femme Classic Choice 3 mm
105358,
92171,Zásnubní prsten Almira 0.8 crt
98347,Naise ripats Bolsena
85809,Women's Pendant Maria
89438,GLAMIRA Ring Jamie
110558,Bague de fiançailles Berangaria 1.0 crt
98670,Anillo de boda Pure Love 3 mm
98080,Bague de Mariage White Innocence 4 mm
98386,Dámský náramek Gaire
106042,Fede nuziale Pure Touch 4 mm
92708,Men's Ring Classic Fame 3 mm
106464,Inel de Nuntă Bright Line 4 mm
98080,Bague de Mariage White Innocence 4 mm
92171,Zásnubní prsten Almira 0.8 crt
90919,Engagement Ring Sabella 0.5 crt
101734,Mannens ring Alejos
106042,Fede nuziale Pure Touch 4 mm
90547,Trauring Immortal Spell Basic
98080,Bague de Mariage White Innocence 4 mm
89438,GLAMIRA Ring Jamie
92187,Zásnubný prsteň Daffney 1.0 crt
107313,Authentic Line 10 mm
103324,Bague de fiançailles Zanyria
110413,Herren-Anhänger Jaxton
92168,Anello di fidanzamento Almira
92789,Kvindes vielsesring Classic Choice 2.5 mm
99556,Men's Earring Inskren
109781,Eljegyzési gyűrű Cadence 2.0 crt
90841,Verlobungsring Alina 1.0crt
95491,Mannens ring Navarro
102090,Dečiji narukvica Rachana
91076,Anillo de Mujer Belva 0.1 crt
89438,GLAMIRA Ring Jamie
98670,Inel de Nuntă Pure Love 3 mm
104444,GLAMIRA Pierścionek Alversita
98083,Women's Wedding Ring White Innocence 4 mm
102090,Dečiji narukvica Rachana
110413,Herren-Anhänger Jaxton
90418,Női medál Danny
95579,
108913,Couple's Ring Infinite Anticipation
92493,Dámsky prívesok Inga
102007,GLAMIRA Ring Vellamo
98387,Bracelet pour femme Hitam
102720,Dames Oorbellen Lendria Ø8 mm
103014,Damen fußkette Aklesia
92493,Dámsky prívesok Inga
98267,Inel dama Linderoth
84792,Men's Ring Hercules
97968,Anello da uomo Natural Sensation 3 mm
84774,Eljegyzési gyűrű Julia
90169,Bague de fiançailles Lillian
99316,Wedding Ring Sense Muse 4 mm
103352,Nhẫn GLAMIRA Maharlika
101346,Mannens ring Undrais
103014,Damen fußkette Aklesia
101811,Couple's Promise Ring Silver Line
92790,Trauring Classic Choice 3 mm
92443,Women's Earring Peyton
100097,Cercei Dama Golnar
103014,Damen fußkette Aklesia
102457,Dámský náramek Mariux
98387,Bracelet pour femme Hitam
103538,Engagement Ring Staska
101725,Anillo de Hombre Antorion
96459,Eljegyzési gyűrű Cadence
103014,Damen fußkette Aklesia
99316,Wedding Ring Sense Muse 4 mm
90438,Obrączka ślubna Celtic Claddagh
102065,Kvinnens halskjede Lamyra
92063,Dames Hanger Trecia
105898,Trauring Universe Adore 5 mm
93084,Classic Inspiration 3mm
101725,Anillo de Hombre Antorion
96459,Eljegyzési gyűrű Cadence
103420,Engagement Ring Marinella 2.0 crt
90736,Anillo de compromiso Gratia
84792,Ring Hercules
101576,Kid's Earring Eilonwy
103163,Bague de fiançailles Merrita
92389,Engagement Ring Aldea
103006,Chaîne cheville femme Abriona
109879,Verlobungsring Kabena 0.5 crt
110559,Engagement Ring Berdina 0.5 crt
92389,Engagement Ring Aldea
110559,Engagement Ring Berdina 0.5 crt
101576,Kid's Earring Eilonwy
110644,Bague de fiançailles Titina 0.5 crt
103319,Anel Feminino Anamir
96589,Pierścionek zaręczynowy Sretno
85796,Orecchino da donna Louisa
96454,Sužadėtuvių žiedas Carlina
92434,Women's Earring Melinda
92389,Engagement Ring Aldea
104021,Herrenring Amaud
110644,Bague de fiançailles Titina 0.5 crt
92372,Pierścionek zaręczynowy Sadie 1.0 crt
84776,Eljegyzési gyűrű Jessica
104021,Herrenring Amaud
91150,GLAMIRA Pendant Croce
90419,Pendentif pour femme Despina
89466,GLAMIRA Ring Sofi
92389,Engagement Ring Aldea
98784,Alliance pour homme Pure Love 3 mm
90596,Fede nuziale uomo Pretty Secret
109706,GLAMIRA Ring Ellura
104177,GLAMIRA Ring Jadora
91046,Zásnubný prsteň Abella 0.16 crt
92790,Vestuvinis žiedas Classic Choice 3 mm
89606,Herrenring Powerful Mind
85798,Damen ohrring Romy
92389,Engagement Ring Aldea
90937,Anel de Noivado Bridal Rise 0.1crt
99316,Bague de Mariage Sense Muse 4 mm
92634,Anello da uomo Classic Unity 3mm
84773,Eljegyzési gyűrű Clara
96456,GLAMIRA Ring Ambra
102509,訂婚戒指 Oiffe
101725,Anillo de Hombre Antorion
85798,Damen ohrring Romy
99316,Bague de Mariage Sense Muse 4 mm
96662,GLAMIRA Ring Mika
98080,Snubní Prsteny White Innocence 4 mm
93325,Classic Meaning 2mm
103324,Verlobungsring Zanyria
102514,Anello di fidanzamento Miguelina
97816,Eljegyzési gyűrű Kabena
91046,Zásnubný prsteň Abella 0.16 crt
96685,GLAMIRA Ring Begalinis
90736,Anillo de compromiso Gratia
90742,GLAMIRA Ring Gaby
103485,Engagement Ring Manilla
98784,Alliance pour homme Pure Love 3 mm
99312,Anel de Casamento Sense Layer 5 mm
103033,Chaîne cheville femme Avielle
102465,Kvindes armbånd Ovidiu
104166,GLAMIRA Ring Caridad
92409,Ženski uhani Ava
99316,Bague de Mariage Sense Muse 4 mm
102509,訂婚戒指 Oiffe
90256,Verlobungsring Phillipa
89606,Herrenring Powerful Mind
90169,Bague de fiançailles Lillian
98202,Damen ohrring Siria
109660,Women's Pendant Lana
96673,GLAMIRA Ring Tortilla
108913,Paarring Infinite Anticipation
84773,Eljegyzési gyűrű Clara
97816,Eljegyzési gyűrű Kabena
102005,GLAMIRA Ring Loujain
98670,Bague de Mariage Pure Love 3 mm
96642,Bague de fiançailles Jueves
98202,Damen ohrring Siria
80261,Trouwring Brilliant Couple
102005,GLAMIRA Ring Loujain
80261,Trouwring Brilliant Couple
85798,Damen ohrring Romy
105418,Trauring Romantic Trust 4 mm
90738,Bague de fiançailles Gorion
90709,Herrenring Addison
93360,Alliance pour femme Classic Flower 5 mm
105757,Romantic Harmony 8 mm
96506,Trauring Alluring Balance 4 mm
105418,Trauring Romantic Trust 4 mm
97372,Anillo de Hombre Bellanca
90738,Bague de fiançailles Gorion
103324,Engagement Ring Zanyria
90738,Bague de fiançailles Gorion
90438,Snubní Prsteny Celtic Claddagh
96596,Engagement Ring Sencillo
90742,Glamira Prsteň Gaby
84767,Engagement Ring Lissy
90738,Bague de fiançailles Gorion
98087,Snubní Prsteny White Innocence 5 mm
90166,Verlobungsring Cecily
90206,GLAMIRA Pendant S
111236,Confident Earth 10 mm
92237,Verlobungsringe Viviette 0.16 crt
90738,Bague de fiançailles Gorion
97846,Eljegyzési gyűrű Siargaole
103495,Engagement Ring Mutinda
92370,Pierścionek zaręczynowy Sadie
108734,Anillo de compromiso Chanoa
98440,GLAMIRA Ring Kundalila
90738,Bague de fiançailles Gorion
89386,Engagement Ring Cosmence
104232,Damen anhänger Samariel
97372,Anillo de Hombre Bellanca
90738,Bague de fiançailles Gorion
99316,Wedding Ring Sense Muse 4 mm
103324,Verlobungsring Zanyria
98080,Wedding Ring White Innocence 4 mm
90738,Bague de fiançailles Gorion
90530,Fede nuziale donna Immortal Luck
92811,Porocni prstan Classic Choice
98087,Snubní Prsteny White Innocence 5 mm
102022,GLAMIRA Ring Jermelia
93297,Classic Search 3mm
108734,Anillo de compromiso Chanoa
92756,Classic Step 3mm
92790,Trauring Classic Choice 3 mm
102022,GLAMIRA Ring Jermelia
95830,Obrączka ślubna Charming Fate
108755,Anello di fidanzamento Tiassale
92321,Engagement Ring Jeffrey 0.8 crt
90736,Engagement Ring Gratia
90738,Bague de fiançailles Gorion
90197,GLAMIRA Pendant N
96596,Engagement Ring Sencillo
87933,Women's Wedding Ring Universe Lyra
93352,Bague pour femmes Classic Flower 2 mm
96673,GLAMIRA Ring Tortilla
90438,
98202,Damen ohrring Siria
92952,Classic Tune 2 mm
98267,Dámský prsten Linderoth
108734,Anillo de compromiso Chanoa
91080,Bague de fiançailles Belva 1.0 crt
92952,Classic Tune 2 mm
95062,Engagement Ring Alisha 3.0 crt
89599,Men's Ring Heroic
90736,Anillo de compromiso Gratia
109780,Zásnubní prsten Cadence 1.6 crt
86912,Verlobungsring Céline
89385,Bague de fiançailles Vypress
110403,Herren-Anhänger Felix
90738,Bague de fiançailles Gorion
90941,Förlovningsring Bridal Rise 1.0crt
90744,Bague de fiançailles Belva
101642,Pendiente para Niño Damilala
95017,Damen ohrring Balanceo
90736,Anillo de compromiso Gratia
92307,Engagement Ring Effie
90738,Bague de fiançailles Gorion
99316,Karikagyűrű Sense Muse 4 mm
103507,Pierścionek zaręczynowy Uzella
103120,Verlobungsring Aubriel
90736,Anillo de compromiso Gratia
92237,Verlobungsringe Viviette 0.16 crt
92763,Mænds vielsesring Classic Expression
103054,Damen fußkette Anbrielle
99316,Wedding Ring Sense Muse 4 mm
90736,Anillo de compromiso Gratia
90738,Bague de fiançailles Gorion
96641,Eljegyzési gyűrű Hibiscus
103014,Damen fußkette Aklesia
102005,GLAMIRA Ring Loujain
84767,Engagement Ring Lissy
101694,Kinderohrring Elmir
98080,Fede nuziale White Innocence 4 mm
90736,Anillo de compromiso Gratia
96686,GLAMIRA Ring Lose
92793,Herenring Classic Step 3mm
108734,Anillo de compromiso Chanoa
103324,Verlobungsringe Zanyria
90941,Förlovningsring Bridal Rise 1.0crt
103014,Damen fußkette Aklesia
98162,Дамска обица Gerakas
90736,Anillo de compromiso Gratia
102730,Moteriškas pakabukas Katrielis Ø8 mm
103462,Glamira Bague Azaria
90197,GLAMIRA Pendant N
95247,Engagement Ring Violet 2.0 crt
90736,Anillo de compromiso Gratia
96641,Eljegyzési gyűrű Hibiscus
92171,Verlovingsring Almira 0.8 crt
95577,Pierścionek dla kobiety Alluring Star 3 mm
102022,GLAMIRA Ring Jermelia
92793,Herenring Classic Step 3mm
97156,Alliance pour femme Ornate Passion 5 mm
90744,Bague de fiançailles Belva
90736,Anillo de compromiso Gratia
96677,GLAMIRA Ring Yolanda
108913,Paarring Infinite Anticipation
98080,Wedding Ring White Innocence 4 mm
92790,Anillo de boda Classic Choice 3 mm
98319,Zásnubný prsteň Arnalda
90736,Anillo de compromiso Gratia
110413,Herren-Anhänger Jaxton
90940,Verlobungsringe Bridal Rise 0.5crt
90476,Alliance pour femme Celtic Way
92307,Engagement Ring Effie
108734,Anillo de compromiso Chanoa
108913,Paarring Infinite Anticipation
101347,Anello da uomo Allius
109780,Zásnubní prsten Cadence 1.6 crt
99417,Női karikagyűrű Sense Muse 4 mm
90736,Anillo de compromiso Gratia
90528,Fede nuziale Immortal Luck
109586,Engagement Ring Thursa
92260,Bague de fiançailles Agnella
98202,Damen ohrring Siria
97090,Damenring White Felicity 8mm
98080,Anillo de boda White Innocence 4 mm
103014,Damen fußkette Aklesia
90936,Women's Ring Bridal Rise 0.05crt
99316,Wedding Ring Sense Muse 4 mm
92756,Classic Step 3mm
98267,Dámský prsten Linderoth
90940,Förlovningsring Bridal Rise 0.5crt
102489,Women's Bracelet Willow
109879,Verlobungsring Kabena 0.5 crt
95209,Verlobungsringe Berdina 2.0 crt
95577,Pierścionek dla kobiety Alluring Star 3 mm
90736,Engagement Ring Gratia
97816,Engagement Ring Kabena
90738,Bague de fiançailles Gorion
89434,Engagement Ring Helena
102489,Women's Bracelet Willow
98080,Fede nuziale White Innocence 4 mm
108946,Essential Beauty 10 mm
96459,Eljegyzési gyűrű Cadence
90940,Zásnubní prsten Bridal Rise 0.5crt
102465,Kvindes armbånd Ovidiu
103014,Damen fußkette Aklesia
103120,Engagement Ring Aubriel
95577,Pierścionek dla kobiety Alluring Star 3 mm
102447,Dama Brățară Eundra
98202,Damen ohrring Siria
90736,Engagement Ring Gratia
98203,Dámský náušnice Sypery
90742,Glamira Prsteň Gaby
103462,Glamira Bague Azaria
90736,Anillo de compromiso Gratia
92763,Mænds vielsesring Classic Expression
91056,
101347,Anello da uomo Allius
92296,Verlobungsring Brianna 0.25 crt
92322,Engagement Ring Jeffrey 1.0 crt
90736,Anillo de compromiso Gratia
96641,Eljegyzési gyűrű Hibiscus
103162,Verlobungsring Mayetta
90936,Women's Ring Bridal Rise 0.05crt
97845,Förlovningsring Alonnisos
90736,Anillo de compromiso Gratia
98267,Dámsky prsteň Linderoth
92171,Bague de fiançailles Almira 0.8 crt
90936,Women's Ring Bridal Rise 0.05crt
103462,GLAMIRA Ring Azaria
103188,Anel de Noivado Silanna
90736,Anillo de compromiso Gratia
96686,GLAMIRA Ring Lose
103120,Engagement Ring Aubriel
95247,Engagement Ring Violet 2.0 crt
96673,GLAMIRA Ring Tortilla
99316,Karikagyűrű Sense Muse 4 mm
103014,Damen fußkette Aklesia
98265,Engagement Ring Alessia
101347,Anello da uomo Allius
103120,Engagement Ring Aubriel
92952,Classic Tune 2 mm
92754,Mænds vielsesring Classic Expression 4 mm
109879,Verlobungsring Kabena 0.5 crt
90936,Women's Ring Bridal Rise 0.05crt
97845,Forlovelsesring Alonnisos
103462,GLAMIRA Ring Azaria
99316,Wedding Ring Sense Muse 4 mm
90736,Anillo de compromiso Gratia
101347,Anello da uomo Allius
103477,Glamira Inel Jesimar
90476,Alliance pour femme Celtic Way
101347,Anello da uomo Allius
92755,
103014,Damen fußkette Aklesia
102045,GLAMIRA Bague Ledina
90717,Glamira Gyűrű Venice
103462,GLAMIRA Ring Azaria
99312,Bague de Mariage Sense Layer 5 mm
109586,Engagement Ring Thursa
103462,GLAMIRA Ring Azaria
97154,Bague de Mariage Ornate Passion 5 mm
102065,Damen halskette Lamyra
96677,GLAMIRA Пръстен Yolanda
92217,Anillo de compromiso Nery 0.16 crt
103485,Engagement Ring Manilla
92485,Damen halskette Elsie
92309,Engagement Ring Effie 0.5 crt
96677,GLAMIRA Пръстен Yolanda
110630,Engagement Ring Jeffrey 1.6 crt
85798,Damen ohrring Romy
84897,GLAMIRA Inel Amelie
103946,Damen anhänger Monissa
99316,Wedding Ring Sense Muse 4 mm
90736,Engagement Ring Gratia
90736,Verlobungsring Gratia
95536,Inel de Logodnă Nettle
90736,Verlobungsring Gratia
99316,Bague de Mariage Sense Muse 4 mm
96677,GLAMIRA Пръстен Yolanda
90736,Verlobungsring Gratia
109571,Engagement Ring Mylenda
90940,Förlovningsring Bridal Rise 0.5crt
90744,Verlobungsringe Belva
90742,Glamira Prsteň Gaby
85798,Damen ohrring Romy
103324,Verlobungsringe Zanyria
90940,Förlovningsring Bridal Rise 0.5crt
86907,Engagement Ring Bridal Glory
108665,Verlobungsring Ersilia 0.5 crt
109571,Engagement Ring Mylenda
99418,Női karikagyűrű Sense Muse 5 mm
103493,Verlobungsring Miyesha
97845,Inel de Logodnă Alonnisos
98203,Dámský náušnice Sypery
109860,Dámský náušnice Libellule
90528,Fede nuziale Immortal Luck
108913,Paarring Infinite Anticipation
103014,Damen fußkette Aklesia
108913,Paarring Infinite Anticipation
103485,Engagement Ring Manilla
103954,Damen anhänger Nixmary
98267,Women's Ring Linderoth
110647,Bague de fiançailles Titina 3.0 crt
102729,Moteriškas pakabukas Katrielis Ø6 mm
110475,Pánský přívěsek Wesley
109571,Engagement Ring Mylenda
99150,Alliance pour femme Embrace Feeling 5 mm
92252,Nhẫn đính hôn Queen
90256,Verlobungsring Phillipa
96677,GLAMIRA Пръстен Yolanda
102729,Pandantiv Dama Katrielis Ø6 mm
101286,Kvinnans fotlänk Delisha 
90736,Verlobungsring Gratia
99320,Sense Muse 10 mm
96677,GLAMIRA Пръстен Yolanda
95216,Verlobungsringe Cassidy 3.0 crt
99320,Sense Muse 10 mm
93081,Classic Rule 3 mm
90459,Bague de Mariage Celtic Passage
90709,Herrenring Addison
93297,Classic Search 3mm
99320,Sense Muse 10 mm
105405,Vielsesring Romantic Touch 6 mm
90256,Verlobungsring Phillipa
96459,Eljegyzési gyűrű Cadence
90780,GLAMIRA Bridal Set Fashionable Ring A
101265,Damen fußkette Afraima
95620,GLAMIRA Ring Mahkota
91038,Verlobungsring Joy 0.25crt
84774,Inel de Logodnă Julia
108913,Paarring Infinite Anticipation
90784,Bridal Set Gemmiferous
110647,Bague de fiançailles Titina 3.0 crt
103946,Damen anhänger Monissa
98007,Men's Wedding Ring Alluring Tear 4 mm
90256,Verlobungsring Phillipa
99150,Alliance pour femme Embrace Feeling 5 mm
96459,Eljegyzési gyűrű Cadence
96677,GLAMIRA Пръстен Yolanda
101988,GLAMIRA Ring Lonesha
101720,Inel bărbați Alonzito
90438,
89428,Anillo de compromiso Sandy
90256,Verlobungsring Phillipa
90166,Sužadėtuvių žiedas Cecily
96459,Eljegyzési gyűrű Cadence
108913,Paarring Infinite Anticipation
90835,Engagement Ring Violet 1.0 crt
90940,Engagement Ring Bridal Rise 0.5crt
101948,GLAMIRA Gyűrű Roverta
90206,GLAMIRA Pendant S
101720,Inel bărbați Alonzito
90738,Bague de fiançailles Gorion
90940,Engagement Ring Bridal Rise 0.5crt
96459,Eljegyzési gyűrű Cadence
101988,GLAMIRA Ring Lonesha
92309,Verlobungsring Effie 0.5 crt
90166,Sužadėtuvių žiedas Cecily
90256,Verlobungsring Phillipa
98007,Men's Wedding Ring Alluring Tear 4 mm
101720,Inel bărbați Alonzito
99990,Bague de fiançailles Lilava
109648,Damen anhänger Euterpe
90738,Bague de fiançailles Gorion
103977,Kolczyk damski Alviss
89428,Anillo de compromiso Sandy
93081,Classic Rule 3 mm
98007,Men's Wedding Ring Alluring Tear 4 mm
90744,Verlobungsring Belva
89419,Verlovingsring Betty
97845,Bague de fiançailles Alonnisos
105803,Herren trauring Unique Beauty 4 mm
103380,Bague de fiançailles Alabate 1.0 crt
92281,Verlobungsring Anni 1.62 crt
103183,Kihlasormus Saundria
108734,Anillo de compromiso Chanoa
98007,Men's Wedding Ring Alluring Tear 4 mm
90738,Bague de fiançailles Gorion
91761,GLAMIRA Ring Perlina
99320,Sense Muse 10 mm
92311,Verlobungsring Effie 0.16 crt
90738,Bague de fiançailles Gorion
92281,Verlobungsring Anni 1.62 crt
90738,Bague de fiançailles Gorion
91014,Verlobungsring Katherina 0.1crt
84839,Anillo de compromiso Emma
98007,Men's Wedding Ring Alluring Tear 4 mm
90736,Verlobungsring Gratia
105804,Herren trauring Unique Beauty 5 mm
90738,Bague de fiançailles Gorion
101988,GLAMIRA Ring Lonesha
103324,Verlobungsringe Zanyria
90738,Bague de fiançailles Gorion
85797,Women's Earring Melissa
110232,Kvinnans armband Annabel
103324,Verlobungsring Zanyria
89428,Anillo de compromiso Sandy
90738,Bague de fiançailles Gorion
92787,Wedding Ring Classic Choice 2.5 mm
93281,Damenring Classic Search 3mm
95216,Verlobungsringe Cassidy 3.0 crt
98080,Snubní Prsteny White Innocence 4 mm
96459,Verlobungsring Cadence
89428,Anillo de compromiso Sandy
92005,Dames Oorbellen Marina Ø6 mm
89607,Inel bărbați Ramses
108984,Magic Jewel 10 mm
105803,Herren trauring Unique Beauty 4 mm
91934,Women's Earring Candace Ø8 mm
110096,GLAMIRA Ring Brynn
101720,Inel bărbați Alonzito
101323,Herrenring Baynard
96459,Eljegyzési gyűrű Cadence
108734,Anillo de compromiso Chanoa
101323,Herrenring Baynard
103462,GLAMIRA Ring Azaria
103462,GLAMIRA Ring Azaria
92309,Engagement Ring Effie 0.5 crt
84895,GLAMIRA Prsten Fiona
96532,Alliance pour femme Bright Nature 2 mm
101323,Herrenring Baynard
101346,Herrenring Undrais
104932,Damenring Romantic Feeling 8 mm
99822,Ženski uhani Beria
105404,Vielsesring Romantic Touch 5 mm
101848,Bông tai nữ Vedra
102730,Moteriškas pakabukas Katrielis Ø8 mm
101323,Herrenring Baynard
90176,Women's Pendant A
84776,Engagement Ring Jessica
103462,GLAMIRA Ring Azaria
97967,Natural Sensation 3 mm
92339,Engagement Ring Jolanka
95242,Pierścionek zaręczynowy Phillipa 3.0 crt
91159,GLAMIRA Pendant Estelita
92788,Men's Wedding Ring Classic Choice 2.5 mm
101323,Herrenring Baynard
99317,Karikagyűrű Sense Muse 5 mm
92493,Damen anhänger Inga
103207,Sužadėtuvių žiedas Zanessa
92493,Damen anhänger Inga
99316,Bague de Mariage Sense Muse 4 mm
103462,GLAMIRA Ring Azaria
103462,GLAMIRA Ring Azaria
92281,Verlobungsring Anni 1.62 crt
96459,Eljegyzési gyűrű Cadence
90736,Anillo de compromiso Gratia
105404,Vielsesring Romantic Touch 5 mm
96498,
99317,Karikagyűrű Sense Muse 5 mm
92493,Damen anhänger Inga
90165,Sužadėtuvių žiedas Aida
101323,Herrenring Baynard
90744,Verlobungsringe Belva
90166,Sužadėtuvių žiedas Cecily
96459,Годежен пръстен Cadence
90528,Fede nuziale Immortal Luck
96459,Eljegyzési gyűrű Cadence
105465,Damen trauring Sense Mira 5 mm
101323,Herrenring Baynard
107766,Women's Wedding Ring Alluring Twist 4 mm
92281,Verlobungsring Anni 1.62 crt
99316,Fede nuziale Sense Muse 4 mm
103380,Bague de fiançailles Alabate 1.0 crt
